Player,Position,Team,Rebounds,Assists,Steals,Blocks,Turnovers,Fantasy_Points
Coby White,PG,CHI,0,0,0,0,0,117.6
Brandon Miller,SF,CHA,0,0,0,0,0,12.7
Luka Doncic,PG,DAL,0,0,0,0,0,125.5
Naz Reid,C,MIN,0,0,0,0,0,85.2
Terry Rozier,PG,MIA,0,0,0,0,0,73.7
Jayson Tatum,PF,BOS,0,0,0,0,0,195.3
Tre Mann,PG,CHA,0,0,0,0,0,100.8
Gary Trent Jr.,SG,MIL,0,0,0,0,0,16.9
Kyle Kuzma,PF,WAS,0,0,0,0,0,43.5
Wendell Carter Jr.,C,ORL,0,0,0,0,0,85.5
Yves Missi,C,NOP,0,0,0,0,0,46.3
Andrew Wiggins,SF,GSW,0,0,0,0,0,125.5
Josh Hart,SF,NYK,0,0,0,0,0,62.3
Jonathan Kuminga,PF,GSW,0,0,0,0,0,46.5
Jaden Ivey,SG,DET,0,0,0,0,0,116.0
Amen Thompson,SF,HOU,0,0,0,0,0,40.8
Chris Boucher,PF,TOR,0,0,0,0,0,35.4
Stephen Curry,PG,GSW,0,0,0,0,0,130.2
Ayo Dosunmu,SG,CHI,0,0,0,0,0,46.3
Duncan Robinson,SF,MIA,0,0,0,0,0,10.2
Cole Anthony,PG,ORL,0,0,0,0,0,16.6
Deni Avdija,SF,POR,0,0,0,0,0,82.3
Jose Alvarado,PG,NOP,0,0,0,0,0,27.9
Aaron Gordon,PF,DEN,0,0,0,0,0,49.8
Damian Lillard,PG,MIL,0,0,0,0,0,133.4
Jamal Shead,PG,TOR,0,0,0,0,0,28.9
Dejounte Murray,SG,NOP,0,0,0,0,0,38.1
Domantas Sabonis,C,SAC,0,0,0,0,0,120.0
Austin Reaves,SG,LAL,0,0,0,0,0,130.5
Cason Wallace,SG,OKC,0,0,0,0,0,14.3
Klay Thompson,SG,DAL,0,0,0,0,0,84.5
Lonzo Ball,PG,CHI,0,0,0,0,0,14.4
Bam Adebayo,C,MIA,0,0,0,0,0,46.7
Bobby Portis,PF,MIL,0,0,0,0,0,103.5
Devin Booker,PG,PHO,0,0,0,0,0,112.1
Zion Williamson,PF,NOP,0,0,0,0,0,63.3
Keegan Murray,PF,SAC,0,0,0,0,0,83.0
Myles Turner,C,IND,0,0,0,0,0,111.5
John Collins,PF,UTA,0,0,0,0,0,55.9
Jamal Murray,PG,DEN,0,0,0,0,0,72.1
Scoot Henderson,PG,POR,0,0,0,0,0,88.0
Cody Martin,SG,CHA,0,0,0,0,0,34.6
Daniel Gafford,C,DAL,0,0,0,0,0,46.3
CJ McCollum,SG,NOP,0,0,0,0,0,147.1
Kelly Oubre Jr.,SF,PHL,0,0,0,0,0,94.9
Clint Capela,C,ATL,0,0,0,0,0,74.3
Trae Young,PG,ATL,0,0,0,0,0,167.3
Ja Morant,PG,MEM,0,0,0,0,0,103.4
Walker Kessler,C,UTA,0,0,0,0,0,72.6
Dillon Brooks,SF,HOU,0,0,0,0,0,68.3
James Harden,PG,LAC,0,0,0,0,0,151.0
Jrue Holiday,PG,BOS,0,0,0,0,0,68.3
Draymond Green,PF,GSW,0,0,0,0,0,55.6
Dennis Schroder,PG,GSW,0,0,0,0,0,116.6
Taurean Prince,SF,MIL,0,0,0,0,0,46.0
Jordan Hawkins,SG,NOP,0,0,0,0,0,72.4
Andrew Nembhard,PG,IND,0,0,0,0,0,22.4
D'Angelo Russell,PG,BKN,0,0,0,0,0,80.9
Desmond Bane,SG,MEM,0,0,0,0,0,117.3
Victor Wembanyama,C,SAS,0,0,0,0,0,80.2
Donovan Clingan,C,POR,0,0,0,0,0,38.7
Miles Bridges,SF,CHA,0,0,0,0,0,103.1
Nic Claxton,C,BKN,0,0,0,0,0,71.7
Jerami Grant,PF,POR,0,0,0,0,0,148.6
Fred VanVleet,PG,HOU,0,0,0,0,0,106.3
Dyson Daniels,SG,ATL,0,0,0,0,0,110.8
Jalen Duren,C,DET,0,0,0,0,0,98.3
Mikal Bridges,SF,NYK,0,0,0,0,0,61.7
Chris Paul,PG,SAS,0,0,0,0,0,40.4
Alperen Sengun,C,HOU,0,0,0,0,0,126.1
T.J. McConnell,PG,IND,0,0,0,0,0,41.9
Tyus Jones,PG,PHO,0,0,0,0,0,100.3
Russell Westbrook,PG,DEN,0,0,0,0,0,33.7
Jonas Valanciunas,C,WAS,0,0,0,0,0,54.6
Jakob Poeltl,C,TOR,0,0,0,0,0,88.6
Carlton Carrington,PG,WAS,0,0,0,0,0,11.1
Julian Champagnie,SF,SAS,0,0,0,0,0,21.2
Michael Porter Jr.,SF,DEN,0,0,0,0,0,60.4
Matas Buzelis,SF,CHI,0,0,0,0,0,2.4
Jaylen Brown,SF,BOS,0,0,0,0,0,143.0
Luguentz Dort,SG,OKC,0,0,0,0,0,58.2
P.J. Washington,PF,DAL,0,0,0,0,0,40.7
Nikola Jokic,C,DEN,0,0,0,0,0,137.2
Santi Aldama,PF,MEM,0,0,0,0,0,111.9
Chet Holmgren,C,OKC,0,0,0,0,0,184.8
Buddy Hield,SG,GSW,0,0,0,0,0,117.0
Malik Monk,SG,SAC,0,0,0,0,0,60.8
Tobias Harris,PF,DET,0,0,0,0,0,77.6
Tre Jones,PG,SAS,0,0,0,0,0,9.7
Jalen Johnson,PF,ATL,0,0,0,0,0,86.7
Cam Thomas,SG,BKN,0,0,0,0,0,155.2
Harrison Barnes,PF,SAS,0,0,0,0,0,58.4
De'Andre Hunter,SF,ATL,0,0,0,0,0,72.6
Kentavious Caldwell-Pope,SG,ORL,0,0,0,0,0,54.3
Tyrese Maxey,PG,PHL,0,0,0,0,0,140.9
Rui Hachimura,PF,LAL,0,0,0,0,0,99.2
Zaccharie Risacher,SF,ATL,0,0,0,0,0,9.5
Anfernee Simons,SG,POR,0,0,0,0,0,109.0
Miles McBride,PG,NYK,0,0,0,0,0,15.9
Caris LeVert,SG,CLE,0,0,0,0,0,90.3
Reed Sheppard,SG,HOU,0,0,0,0,0,11.4
Deandre Ayton,C,POR,0,0,0,0,0,107.6
Ivica Zubac,C,LAC,0,0,0,0,0,153.9
Zach Edey,C,MEM,0,0,0,0,0,52.0
Collin Sexton,SG,UTA,0,0,0,0,0,36.8
Jaden McDaniels,SF,MIN,0,0,0,0,0,12.4
Zach LaVine,SG,CHI,0,0,0,0,0,130.3
Shai Gilgeous-Alexander,PG,OKC,0,0,0,0,0,203.7
Ochai Agbaji,SF,TOR,0,0,0,0,0,34.4
Evan Mobley,PF,CLE,0,0,0,0,0,144.6
Jimmy Butler,SF,MIA,0,0,0,0,0,70.4
Jalen Wilson,PF,BKN,0,0,0,0,0,3.7
Taylor Hendricks,PF,UTA,0,0,0,0,0,47.9
Kevin Durant,PF,PHO,0,0,0,0,0,151.0
Davion Mitchell,PG,TOR,0,0,0,0,0,17.9
Kyle Lowry,PG,PHL,0,0,0,0,0,76.7
Jordan Poole,SG,WAS,0,0,0,0,0,92.9
Darius Garland,PG,CLE,0,0,0,0,0,91.0
De'Aaron Fox,PG,SAC,0,0,0,0,0,92.4
Jusuf Nurkic,C,PHO,0,0,0,0,0,77.5
Scottie Barnes,SF,TOR,0,0,0,0,0,106.3
Tim Hardaway Jr.,SG,DET,0,0,0,0,0,57.7
Bennedict Mathurin,SF,IND,0,0,0,0,0,68.0
Marcus Smart,SG,MEM,0,0,0,0,0,54.7
Rudy Gobert,C,MIN,0,0,0,0,0,106.4
Ben Simmons,PG,BKN,0,0,0,0,0,62.9
Onyeka Okongwu,C,ATL,0,0,0,0,0,104.3
Keldon Johnson,SF,SAS,0,0,0,0,0,44.4
Julius Randle,PF,MIN,0,0,0,0,0,132.1
Jalen Brunson,PG,NYK,0,0,0,0,0,75.7
LeBron James,SF,LAL,0,0,0,0,0,151.1
Gary Trent Jr.,SG,MIL,0,0,0,0,0,10.0
LaMelo Ball,PG,CHA,0,0,0,0,0,176.7
Malik Beasley,SG,DET,0,0,0,0,0,53.4
Julian Strawther,SF,DEN,0,0,0,0,0,11.0
Brook Lopez,C,MIL,0,0,0,0,0,93.2
Pascal Siakam,PF,IND,0,0,0,0,0,113.6
Alex Caruso,SG,OKC,0,0,0,0,0,49.5
Derrick White,SG,BOS,0,0,0,0,0,125.1
Caleb Martin,SG,PHL,0,0,0,0,0,80.7
Jarrett Allen,C,CLE,0,0,0,0,0,130.6
Payton Pritchard,PG,BOS,0,0,0,0,0,32.9
Karl-Anthony Towns,C,NYK,0,0,0,0,0,79.9
Jalen Williams,PF,OKC,0,0,0,0,0,115.2
Al Horford,C,BOS,0,0,0,0,0,38.1
Donte DiVincenzo,SG,MIN,0,0,0,0,0,61.7
Dereck Lively II,C,DAL,0,0,0,0,0,63.9
Gary Trent Jr.,SG,MIL,0,0,0,0,0,22.7
Herbert Jones,SF,NOP,0,0,0,0,0,57.4
Bradley Beal,SF,PHO,0,0,0,0,0,83.8
Anthony Edwards,SG,MIN,0,0,0,0,0,140.8
Mike Conley,PG,MIN,0,0,0,0,0,65.8
Jeremy Sochan,PF,SAS,0,0,0,0,0,69.6
Stephon Castle,PG,SAS,0,0,0,0,0,33.8
Lauri Markkanen,PF,UTA,0,0,0,0,0,77.9
Tyrese Haliburton,PG,IND,0,0,0,0,0,80.5
Cade Cunningham,PG,DET,0,0,0,0,0,155.0
Jalen Suggs,PG,ORL,0,0,0,0,0,98.3
DeMar DeRozan,SF,SAC,0,0,0,0,0,82.1
Kyrie Irving,PG,DAL,0,0,0,0,0,78.5
Grayson Allen,SG,PHO,0,0,0,0,0,20.2
Dorian Finney-Smith,PF,LAL,0,0,0,0,0,14.1
Alexandre Sarr,C,WAS,0,0,0,0,0,46.2
Nikola Vucevic,C,CHI,0,0,0,0,0,128.8
Gary Harris,SG,ORL,0,0,0,0,0,12.7
Kevin Porter Jr.,SG,LAC,0,0,0,0,0,28.2
Kevin Huerter,SG,SAC,0,0,0,0,0,6.3
De'Anthony Melton,PG,BKN,0,0,0,0,0,28.9
Dalton Knecht,SG,LAL,0,0,0,0,0,45.9
Brandon Ingram,SF,NOP,0,0,0,0,0,142.6
OG Anunoby,SF,NYK,0,0,0,0,0,40.8
Trayce Jackson-Davis,PF,GSW,0,0,0,0,0,68.3
Franz Wagner,SF,ORL,0,0,0,0,0,146.4
Tyler Herro,SG,MIA,0,0,0,0,0,71.5
Donovan Mitchell,SG,CLE,0,0,0,0,0,130.6
Jaime Jaquez Jr.,SF,MIA,0,0,0,0,0,44.2
Bogdan Bogdanovic,SG,ATL,0,0,0,0,0,19.4
Brandin Podziemski,SG,GSW,0,0,0,0,0,57.9
Anthony Davis,C,LAL,0,0,0,0,0,201.6
Cameron Johnson,SF,BKN,0,0,0,0,0,79.4
Gradey Dick,SG,TOR,0,0,0,0,0,51.9
Jalen Green,SG,HOU,0,0,0,0,0,132.8
Josh Giddey,SG,CHI,0,0,0,0,0,90.6
Spencer Dinwiddie,PG,DAL,0,0,0,0,0,1.2
Jordan Clarkson,SG,UTA,0,0,0,0,0,50.2
Immanuel Quickley,PG,TOR,0,0,0,0,0,24.9
Christian Braun,SG,DEN,0,0,0,0,0,32.9
Terance Mann,SG,LAC,0,0,0,0,0,25.1
Corey Kispert,SF,WAS,0,0,0,0,0,17.0
Keyonte George,PG,UTA,0,0,0,0,0,39.3
Andre Drummond,C,PHL,0,0,0,0,0,98.8
Toumani Camara,PF,POR,0,0,0,0,0,50.3
Norman Powell,SG,LAC,0,0,0,0,0,117.1
Jabari Smith Jr.,PF,HOU,0,0,0,0,0,81.6
Paolo Banchero,PF,ORL,0,0,0,0,0,123.8
Giannis Antetokounmpo,PF,MIL,0,0,0,0,0,161.4
CJ McCollum,SG,NOP,0,0,0,0,0,21.7
Daniel Gafford,C,DAL,0,0,0,0,0,112.9
Jaren Jackson Jr.,C,MEM,0,0,0,0,0,130.0
Kelly Oubre Jr.,SF,PHL,0,0,0,0,0,55.2
Clint Capela,C,ATL,0,0,0,0,0,105.6
Trae Young,PG,ATL,0,0,0,0,0,216.7
Ja Morant,PG,MEM,0,0,0,0,0,147.8
Obi Toppin,PF,IND,0,0,0,0,0,13.5
Walker Kessler,C,UTA,0,0,0,0,0,143.3
Dillon Brooks,SF,HOU,0,0,0,0,0,63.2
Carlton Carrington,PG,WAS,0,0,0,0,0,31.3
James Harden,PG,LAC,0,0,0,0,0,173.6
Jrue Holiday,PG,BOS,0,0,0,0,0,109.9
Draymond Green,PF,GSW,0,0,0,0,0,104.1
Dennis Schroder,PG,GSW,0,0,0,0,0,183.8
Taurean Prince,SF,MIL,0,0,0,0,0,33.7
Alperen Sengun,C,HOU,0,0,0,0,0,108.8
T.J. McConnell,PG,IND,0,0,0,0,0,21.9
Isaiah Jackson,PF,IND,0,0,0,0,0,29.0
Tyus Jones,PG,PHO,0,0,0,0,0,96.3
Russell Westbrook,PG,DEN,0,0,0,0,0,82.0
Jonas Valanciunas,C,WAS,0,0,0,0,0,81.3
Jakob Poeltl,C,TOR,0,0,0,0,0,191.2
Royce O'Neale,SF,PHO,0,0,0,0,0,20.4
Julian Champagnie,SF,SAS,0,0,0,0,0,51.8
Michael Porter Jr.,SF,DEN,0,0,0,0,0,155.5
Kevin Huerter,SG,SAC,0,0,0,0,0,21.9
Jaylen Brown,SF,BOS,0,0,0,0,0,136.1
Luke Kornet,C,BOS,0,0,0,0,0,21.3
Luguentz Dort,SG,OKC,0,0,0,0,0,111.0
P.J. Washington,PF,DAL,0,0,0,0,0,142.9
Rui Hachimura,PF,LAL,0,0,0,0,0,82.5
Anfernee Simons,SG,POR,0,0,0,0,0,123.5
Moritz Wagner,C,ORL,0,0,0,0,0,39.7
Caris LeVert,SG,CLE,0,0,0,0,0,80.4
Ivica Zubac,C,LAC,0,0,0,0,0,98.2
Deandre Ayton,C,POR,0,0,0,0,0,139.7
Zach Edey,C,MEM,0,0,0,0,0,13.0
Collin Sexton,SG,UTA,0,0,0,0,0,90.5
Jaden McDaniels,SF,MIN,0,0,0,0,0,68.4
Zach LaVine,SG,CHI,0,0,0,0,0,110.8
Shai Gilgeous-Alexander,PG,OKC,0,0,0,0,0,138.8
Ochai Agbaji,SF,TOR,0,0,0,0,0,127.9
Evan Mobley,PF,CLE,0,0,0,0,0,152.9
Jimmy Butler,SF,MIA,0,0,0,0,0,114.7
Derrick Jones Jr.,SF,LAC,0,0,0,0,0,28.6
Kevon Looney,C,GSW,0,0,0,0,0,26.3
Coby White,PG,CHI,0,0,0,0,0,107.6
Brandon Miller,SF,CHA,0,0,0,0,0,40.8
Luka Doncic,PG,DAL,0,0,0,0,0,191.7
Garrison Mathews,SG,ATL,0,0,0,0,0,18.1
Naz Reid,C,MIN,0,0,0,0,0,90.2
Terry Rozier,PG,MIA,0,0,0,0,0,101.9
Jayson Tatum,PF,BOS,0,0,0,0,0,204.3
Tre Mann,PG,CHA,0,0,0,0,0,112.2
Kyle Kuzma,PF,WAS,0,0,0,0,0,48.7
Corey Kispert,SF,WAS,0,0,0,0,0,7.6
Anthony Black,PG,ORL,0,0,0,0,0,17.9
Wendell Carter Jr.,C,ORL,0,0,0,0,0,79.1
Royce O'Neale,SF,PHO,0,0,0,0,0,48.4
Yves Missi,C,NOP,0,0,0,0,0,27.5
Andrew Wiggins,SF,GSW,0,0,0,0,0,21.6
Josh Hart,SF,NYK,0,0,0,0,0,123.2
Jonathan Kuminga,PF,GSW,0,0,0,0,0,94.6
Ben Simmons,PG,BKN,0,0,0,0,0,61.8
Onyeka Okongwu,C,ATL,0,0,0,0,0,33.4
Davion Mitchell,PG,TOR,0,0,0,0,0,56.9
Keldon Johnson,SF,SAS,0,0,0,0,0,103.3
Julius Randle,PF,MIN,0,0,0,0,0,126.6
Jalen Brunson,PG,NYK,0,0,0,0,0,133.7
LeBron James,SF,LAL,0,0,0,0,0,126.4
Gary Trent Jr.,SG,MIL,0,0,0,0,0,38.0
LaMelo Ball,PG,CHA,0,0,0,0,0,152.3
Jonathan Mogbo,PF,TOR,0,0,0,0,0,39.9
Brook Lopez,C,MIL,0,0,0,0,0,80.5
Pascal Siakam,PF,IND,0,0,0,0,0,152.0
Alex Caruso,SG,OKC,0,0,0,0,0,13.9
Jay Huff,C,MEM,0,0,0,0,0,36.8
Derrick White,SG,BOS,0,0,0,0,0,159.7
Caleb Martin,SG,PHL,0,0,0,0,0,25.6
Jaden Ivey,SG,DET,0,0,0,0,0,119.9
Amen Thompson,SF,HOU,0,0,0,0,0,79.6
Chris Boucher,PF,TOR,0,0,0,0,0,36.9
Ayo Dosunmu,SG,CHI,0,0,0,0,0,83.3
Cole Anthony,PG,ORL,0,0,0,0,0,29.3
Deni Avdija,SF,POR,0,0,0,0,0,110.6
Jose Alvarado,PG,NOP,0,0,0,0,0,120.3
Aaron Gordon,PF,DEN,0,0,0,0,0,183.1
Damian Lillard,PG,MIL,0,0,0,0,0,152.6
Jamal Shead,PG,TOR,0,0,0,0,0,57.3
Grant Williams,PF,CHA,0,0,0,0,0,37.5
Domantas Sabonis,C,SAC,0,0,0,0,0,198.6
Kyle Anderson,SF,GSW,0,0,0,0,0,66.3
Zach Edey,C,MEM,0,0,0,0,0,56.6
Tyrese Haliburton,PG,IND,0,0,0,0,0,129.4
Cade Cunningham,PG,DET,0,0,0,0,0,179.0
Jalen Suggs,PG,ORL,0,0,0,0,0,193.6
Zaccharie Risacher,SF,ATL,0,0,0,0,0,82.0
Grayson Allen,SG,PHO,0,0,0,0,0,64.8
DeMar DeRozan,SF,SAC,0,0,0,0,0,197.3
Kyrie Irving,PG,DAL,0,0,0,0,0,201.0
Dean Wade,PF,CLE,0,0,0,0,0,30.7
Dorian Finney-Smith,PF,LAL,0,0,0,0,0,106.1
Alexandre Sarr,C,WAS,0,0,0,0,0,108.0
Nikola Vucevic,C,CHI,0,0,0,0,0,158.9
Keegan Murray,PF,SAC,0,0,0,0,0,119.1
Myles Turner,C,IND,0,0,0,0,0,42.8
John Collins,PF,UTA,0,0,0,0,0,143.3
Austin Reaves,SG,LAL,0,0,0,0,0,97.2
Jamal Murray,PG,DEN,0,0,0,0,0,89.3
Scoot Henderson,PG,POR,0,0,0,0,0,86.4
Scotty Pippen Jr.,PG,MEM,0,0,0,0,0,75.9
Klay Thompson,SG,DAL,0,0,0,0,0,93.5
Bam Adebayo,C,MIA,0,0,0,0,0,135.4
Bobby Portis,PF,MIL,0,0,0,0,0,53.2
Devin Booker,PG,PHO,0,0,0,0,0,178.4
Zion Williamson,PF,NOP,0,0,0,0,0,140.7
Josh Giddey,SG,CHI,0,0,0,0,0,121.0
RJ Barrett,SF,TOR,0,0,0,0,0,209.1
Jordan Clarkson,SG,UTA,0,0,0,0,0,65.1
Kris Dunn,PG,LAC,0,0,0,0,0,29.7
Nikola Jovic,PF,MIA,0,0,0,0,0,12.8
Christian Braun,SG,DEN,0,0,0,0,0,123.2
Javonte Green,SF,NOP,0,0,0,0,0,31.7
David Roddy,PF,ATL,0,0,0,0,0,50.2
Keyonte George,PG,UTA,0,0,0,0,0,114.0
Andre Drummond,C,PHL,0,0,0,0,0,38.0
Kevin Huerter,SG,SAC,0,0,0,0,0,35.5
Norman Powell,SG,LAC,0,0,0,0,0,127.8
Toumani Camara,PF,POR,0,0,0,0,0,100.7
Jabari Smith Jr.,PF,HOU,0,0,0,0,0,96.2
Paolo Banchero,PF,ORL,0,0,0,0,0,139.5
Giannis Antetokounmpo,PF,MIL,0,0,0,0,0,194.4
Jordan Hawkins,SG,NOP,0,0,0,0,0,102.1
D'Angelo Russell,PG,BKN,0,0,0,0,0,86.9
Desmond Bane,SG,MEM,0,0,0,0,0,73.6
Donovan Clingan,C,POR,0,0,0,0,0,12.7
Victor Wembanyama,C,SAS,0,0,0,0,0,197.6
Miles Bridges,SF,CHA,0,0,0,0,0,68.6
Nic Claxton,C,BKN,0,0,0,0,0,92.4
Jerami Grant,PF,POR,0,0,0,0,0,102.2
Fred VanVleet,PG,HOU,0,0,0,0,0,74.7
Dyson Daniels,SG,ATL,0,0,0,0,0,62.6
Jalen Duren,C,DET,0,0,0,0,0,113.2
Daniel Theis,C,NOP,0,0,0,0,0,21.0
Mikal Bridges,SF,NYK,0,0,0,0,0,134.7
Ty Jerome,PG,CLE,0,0,0,0,0,36.6
Chris Paul,PG,SAS,0,0,0,0,0,170.9
Cody Martin,SG,CHA,0,0,0,0,0,39.4
Jarrett Allen,C,CLE,0,0,0,0,0,146.5
Moses Moody,SG,GSW,0,0,0,0,0,49.2
Payton Pritchard,PG,BOS,0,0,0,0,0,96.8
Karl-Anthony Towns,C,NYK,0,0,0,0,0,167.8
Jalen Williams,PF,OKC,0,0,0,0,0,134.3
Donte DiVincenzo,SG,MIN,0,0,0,0,0,70.4
Al Horford,C,BOS,0,0,0,0,0,63.5
Dereck Lively II,C,DAL,0,0,0,0,0,109.4
Ziaire Williams,SF,BKN,0,0,0,0,0,26.5
Herbert Jones,SF,NOP,0,0,0,0,0,13.1
Bradley Beal,SF,PHO,0,0,0,0,0,73.0
Anthony Edwards,SG,MIN,0,0,0,0,0,149.0
Mike Conley,PG,MIN,0,0,0,0,0,63.9
Jeremy Sochan,PF,SAS,0,0,0,0,0,155.1
Lauri Markkanen,PF,UTA,0,0,0,0,0,44.4
Stephon Castle,PG,SAS,0,0,0,0,0,13.2
Nikola Jokic,C,DEN,0,0,0,0,0,299.6
Harrison Barnes,PF,SAS,0,0,0,0,0,79.4
Santi Aldama,PF,MEM,0,0,0,0,0,126.1
Chet Holmgren,C,OKC,0,0,0,0,0,107.0
Buddy Hield,SG,GSW,0,0,0,0,0,141.5
Malik Monk,SG,SAC,0,0,0,0,0,109.2
Tobias Harris,PF,DET,0,0,0,0,0,147.4
Jalen Johnson,PF,ATL,0,0,0,0,0,223.6
Miles McBride,PG,NYK,0,0,0,0,0,29.6
Tyrese Maxey,PG,PHL,0,0,0,0,0,104.5
Cam Thomas,SG,BKN,0,0,0,0,0,126.4
Kentavious Caldwell-Pope,SG,ORL,0,0,0,0,0,53.0
Brandon Ingram,SF,NOP,0,0,0,0,0,189.4
OG Anunoby,SF,NYK,0,0,0,0,0,101.8
Trayce Jackson-Davis,PF,GSW,0,0,0,0,0,32.0
Franz Wagner,SF,ORL,0,0,0,0,0,109.6
Tyler Herro,SG,MIA,0,0,0,0,0,129.5
Donovan Mitchell,SG,CLE,0,0,0,0,0,173.7
Jaime Jaquez Jr.,SF,MIA,0,0,0,0,0,72.4
Brandin Podziemski,SG,GSW,0,0,0,0,0,105.2
Bilal Coulibaly,SF,WAS,0,0,0,0,0,70.0
Anthony Davis,C,LAL,0,0,0,0,0,185.3
Cameron Johnson,SF,BKN,0,0,0,0,0,157.2
Gradey Dick,SG,TOR,0,0,0,0,0,171.0
Jalen Green,SG,HOU,0,0,0,0,0,113.3
Taylor Hendricks,PF,UTA,0,0,0,0,0,11.1
Kevin Durant,PF,PHO,0,0,0,0,0,139.4
Patrick Williams,PF,CHI,0,0,0,0,0,13.7
Kyle Lowry,PG,PHL,0,0,0,0,0,43.2
Jordan Poole,SG,WAS,0,0,0,0,0,135.8
Darius Garland,PG,CLE,0,0,0,0,0,174.3
Jusuf Nurkic,C,PHO,0,0,0,0,0,42.9
De'Aaron Fox,PG,SAC,0,0,0,0,0,186.8
Scottie Barnes,SF,TOR,0,0,0,0,0,65.9
Tim Hardaway Jr.,SG,DET,0,0,0,0,0,90.2
Bennedict Mathurin,SF,IND,0,0,0,0,0,92.3
Gary Payton II,SG,GSW,0,0,0,0,0,16.4
Nick Richards,C,CHA,0,0,0,0,0,75.4
Marcus Smart,SG,MEM,0,0,0,0,0,23.5
Rudy Gobert,C,MIN,0,0,0,0,0,80.0
Chris Boucher,PF,TOR,0,0,0,0,0,62.2
Rui Hachimura,PF,LAL,0,0,0,0,0,19.3
Anfernee Simons,SG,POR,0,0,0,0,0,101.1
Caris LeVert,SG,CLE,0,0,0,0,0,111.0
Deandre Ayton,C,POR,0,0,0,0,0,121.9
Ivica Zubac,C,LAC,0,0,0,0,0,168.8
Collin Sexton,SG,UTA,0,0,0,0,0,111.1
Zach LaVine,SG,CHI,0,0,0,0,0,35.4
Shai Gilgeous-Alexander,PG,OKC,0,0,0,0,0,172.6
Ochai Agbaji,SF,TOR,0,0,0,0,0,144.5
Aaron Wiggins,SG,OKC,0,0,0,0,0,69.8
Evan Mobley,PF,CLE,0,0,0,0,0,182.3
Dalano Banton,PG,POR,0,0,0,0,0,59.1
Jimmy Butler,SF,MIA,0,0,0,0,0,82.5
Ben Simmons,PG,BKN,0,0,0,0,0,30.2
Brandon Boston,SG,NOP,0,0,0,0,0,81.6
Onyeka Okongwu,C,ATL,0,0,0,0,0,57.2
Davion Mitchell,PG,TOR,0,0,0,0,0,70.7
Keldon Johnson,SF,SAS,0,0,0,0,0,122.8
Cason Wallace,SG,OKC,0,0,0,0,0,25.7
Julius Randle,PF,MIN,0,0,0,0,0,147.2
Jalen Brunson,PG,NYK,0,0,0,0,0,177.8
LeBron James,SF,LAL,0,0,0,0,0,259.9
LaMelo Ball,PG,CHA,0,0,0,0,0,201.8
Nickeil Alexander-Walker,SG,MIN,0,0,0,0,0,39.3
Brook Lopez,C,MIL,0,0,0,0,0,90.0
Pascal Siakam,PF,IND,0,0,0,0,0,157.4
Derrick White,SG,BOS,0,0,0,0,0,180.2
Caleb Martin,SG,PHL,0,0,0,0,0,28.5
Daniel Gafford,C,DAL,0,0,0,0,0,128.5
Jaren Jackson Jr.,C,MEM,0,0,0,0,0,179.8
Kelly Oubre Jr.,SF,PHL,0,0,0,0,0,86.4
Clint Capela,C,ATL,0,0,0,0,0,73.0
Trae Young,PG,ATL,0,0,0,0,0,165.2
Ja Morant,PG,MEM,0,0,0,0,0,82.8
Walker Kessler,C,UTA,0,0,0,0,0,84.8
Dillon Brooks,SF,HOU,0,0,0,0,0,70.6
Carlton Carrington,PG,WAS,0,0,0,0,0,93.5
James Harden,PG,LAC,0,0,0,0,0,172.6
Jrue Holiday,PG,BOS,0,0,0,0,0,88.6
Dennis Schroder,PG,GSW,0,0,0,0,0,113.9
Draymond Green,PF,GSW,0,0,0,0,0,115.5
Tyrese Haliburton,PG,IND,0,0,0,0,0,197.2
Cade Cunningham,PG,DET,0,0,0,0,0,213.5
Jalen Suggs,PG,ORL,0,0,0,0,0,107.0
Zaccharie Risacher,SF,ATL,0,0,0,0,0,112.8
Shaedon Sharpe,SG,POR,0,0,0,0,0,33.5
Grayson Allen,SG,PHO,0,0,0,0,0,28.6
DeMar DeRozan,SF,SAC,0,0,0,0,0,171.8
Kyrie Irving,PG,DAL,0,0,0,0,0,229.1
Tari Eason,SF,HOU,0,0,0,0,0,45.8
Kyshawn George,SG,WAS,0,0,0,0,0,31.9
Dorian Finney-Smith,PF,LAL,0,0,0,0,0,72.5
Alexandre Sarr,C,WAS,0,0,0,0,0,83.3
Nikola Vucevic,C,CHI,0,0,0,0,0,190.4
Zach Edey,C,MEM,0,0,0,0,0,148.1
Jaden McDaniels,SF,MIN,0,0,0,0,0,49.5
Derrick Jones Jr.,SF,LAC,0,0,0,0,0,7.2
Alperen Sengun,C,HOU,0,0,0,0,0,185.1
Tyus Jones,PG,PHO,0,0,0,0,0,111.4
Russell Westbrook,PG,DEN,0,0,0,0,0,143.2
Jonas Valanciunas,C,WAS,0,0,0,0,0,102.0
Donovan Clingan,C,POR,0,0,0,0,0,11.8
Jakob Poeltl,C,TOR,0,0,0,0,0,149.2
Jake LaRavia,PF,MEM,0,0,0,0,0,26.5
Royce O'Neale,SF,PHO,0,0,0,0,0,121.7
Michael Porter Jr.,SF,DEN,0,0,0,0,0,184.6
Kevin Huerter,SG,SAC,0,0,0,0,0,78.1
Jaylen Brown,SF,BOS,0,0,0,0,0,24.5
Luke Kornet,C,BOS,0,0,0,0,0,7.6
P.J. Washington,PF,DAL,0,0,0,0,0,25.2
Luguentz Dort,SG,OKC,0,0,0,0,0,43.7
Josh Giddey,SG,CHI,0,0,0,0,0,122.4
RJ Barrett,SF,TOR,0,0,0,0,0,129.9
Immanuel Quickley,PG,TOR,0,0,0,0,0,56.3
Christian Braun,SG,DEN,0,0,0,0,0,142.8
David Roddy,PF,ATL,0,0,0,0,0,27.6
Keyonte George,PG,UTA,0,0,0,0,0,75.8
Andre Drummond,C,PHL,0,0,0,0,0,107.4
Toumani Camara,PF,POR,0,0,0,0,0,64.8
Norman Powell,SG,LAC,0,0,0,0,0,188.4
Paul George,SF,PHL,0,0,0,0,0,130.8
Jabari Smith Jr.,PF,HOU,0,0,0,0,0,62.1
Robert Williams III,C,POR,0,0,0,0,0,12.0
Goga Bitadze,C,ORL,0,0,0,0,0,116.1
Caleb Martin,SG,PHL,0,0,0,0,0,55.1
Giannis Antetokounmpo,PF,MIL,0,0,0,0,0,187.2
Tre Mann,PG,CHA,0,0,0,0,0,70.3
Coby White,PG,CHI,0,0,0,0,0,154.3
Brandon Miller,SF,CHA,0,0,0,0,0,159.2
Luka Doncic,PG,DAL,0,0,0,0,0,249.0
Naz Reid,C,MIN,0,0,0,0,0,122.6
Andrew Wiggins,SF,GSW,0,0,0,0,0,100.0
Josh Hart,SF,NYK,0,0,0,0,0,158.2
Jordan Clarkson,SG,UTA,0,0,0,0,0,34.6
Jonathan Kuminga,PF,GSW,0,0,0,0,0,127.5
Kyshawn George,SG,WAS,0,0,0,0,0,42.7
Terry Rozier,PG,MIA,0,0,0,0,0,105.8
Jayson Tatum,PF,BOS,0,0,0,0,0,231.2
Jarrett Allen,C,CLE,0,0,0,0,0,144.8
Payton Pritchard,PG,BOS,0,0,0,0,0,120.6
Karl-Anthony Towns,C,NYK,0,0,0,0,0,225.0
Donte DiVincenzo,SG,MIN,0,0,0,0,0,142.6
Al Horford,C,BOS,0,0,0,0,0,91.3
Jalen Williams,PF,OKC,0,0,0,0,0,196.9
Peyton Watson,SF,DEN,0,0,0,0,0,99.1
Bradley Beal,SF,PHO,0,0,0,0,0,141.8
Corey Kispert,SF,WAS,0,0,0,0,0,5.8
Julian Champagnie,SF,SAS,0,0,0,0,0,73.0
Anthony Edwards,SG,MIN,0,0,0,0,0,208.8
Mike Conley,PG,MIN,0,0,0,0,0,95.1
Jeremy Sochan,PF,SAS,0,0,0,0,0,11.6
Lauri Markkanen,PF,UTA,0,0,0,0,0,68.1
Jaden Ivey,SG,DET,0,0,0,0,0,132.1
Amen Thompson,SF,HOU,0,0,0,0,0,113.4
Stephen Curry,PG,GSW,0,0,0,0,0,199.2
Isaiah Stewart,C,DET,0,0,0,0,0,41.1
Ayo Dosunmu,SG,CHI,0,0,0,0,0,122.5
Deni Avdija,SF,POR,0,0,0,0,0,67.0
Aaron Gordon,PF,DEN,0,0,0,0,0,5.0
Jose Alvarado,PG,NOP,0,0,0,0,0,132.1
Damian Lillard,PG,MIL,0,0,0,0,0,191.7
Jamal Shead,PG,TOR,0,0,0,0,0,11.2
Grant Williams,PF,CHA,0,0,0,0,0,113.6
Julian Strawther,SF,DEN,0,0,0,0,0,55.9
Domantas Sabonis,C,SAC,0,0,0,0,0,205.7
Stephon Castle,PG,SAS,0,0,0,0,0,40.9
Kyle Anderson,SF,GSW,0,0,0,0,0,43.1
OG Anunoby,SF,NYK,0,0,0,0,0,168.4
Brandon Ingram,SF,NOP,0,0,0,0,0,109.5
Trayce Jackson-Davis,PF,GSW,0,0,0,0,0,35.8
Franz Wagner,SF,ORL,0,0,0,0,0,178.7
Tyler Herro,SG,MIA,0,0,0,0,0,189.9
Donovan Mitchell,SG,CLE,0,0,0,0,0,132.8
Jaime Jaquez Jr.,SF,MIA,0,0,0,0,0,20.5
Brandin Podziemski,SG,GSW,0,0,0,0,0,0.7
Bilal Coulibaly,SF,WAS,0,0,0,0,0,95.6
Anthony Davis,C,LAL,0,0,0,0,0,160.9
Cameron Johnson,SF,BKN,0,0,0,0,0,114.2
Gradey Dick,SG,TOR,0,0,0,0,0,115.9
Jalen Green,SG,HOU,0,0,0,0,0,121.6
Austin Reaves,SG,LAL,0,0,0,0,0,172.3
Scotty Pippen Jr.,PG,MEM,0,0,0,0,0,136.3
Klay Thompson,SG,DAL,0,0,0,0,0,94.9
Bam Adebayo,C,MIA,0,0,0,0,0,176.7
Bobby Portis,PF,MIL,0,0,0,0,0,69.6
Devin Vassell,SG,SAS,0,0,0,0,0,30.7
Devin Booker,PG,PHO,0,0,0,0,0,160.3
Zion Williamson,PF,NOP,0,0,0,0,0,49.1
Keegan Murray,PF,SAC,0,0,0,0,0,136.9
Myles Turner,C,IND,0,0,0,0,0,177.9
John Collins,PF,UTA,0,0,0,0,0,116.7
Jamal Murray,PG,DEN,0,0,0,0,0,74.0
Scoot Henderson,PG,POR,0,0,0,0,0,83.5
Nikola Jokic,C,DEN,0,0,0,0,0,341.1
Santi Aldama,PF,MEM,0,0,0,0,0,126.8
Chet Holmgren,C,OKC,0,0,0,0,0,117.1
Buddy Hield,SG,GSW,0,0,0,0,0,104.6
Malik Monk,SG,SAC,0,0,0,0,0,90.0
Tobias Harris,PF,DET,0,0,0,0,0,150.6
Guerschon Yabusele,PF,PHL,0,0,0,0,0,66.6
Jalen Johnson,PF,ATL,0,0,0,0,0,181.2
Miles McBride,PG,NYK,0,0,0,0,0,81.0
Cam Thomas,SG,BKN,0,0,0,0,0,99.4
Harrison Barnes,PF,SAS,0,0,0,0,0,55.2
Kentavious Caldwell-Pope,SG,ORL,0,0,0,0,0,20.5
Tyrese Maxey,PG,PHL,0,0,0,0,0,73.3
D'Angelo Russell,PG,BKN,0,0,0,0,0,106.1
Victor Wembanyama,C,SAS,0,0,0,0,0,226.6
Miles Bridges,SF,CHA,0,0,0,0,0,67.1
Nic Claxton,C,BKN,0,0,0,0,0,90.6
Obi Toppin,PF,IND,0,0,0,0,0,7.0
Jerami Grant,PF,POR,0,0,0,0,0,112.6
Fred VanVleet,PG,HOU,0,0,0,0,0,156.8
Dyson Daniels,SG,ATL,0,0,0,0,0,126.2
Jalen Duren,C,DET,0,0,0,0,0,41.9
Jaylen Wells,SG,MEM,0,0,0,0,0,43.6
Mikal Bridges,SF,NYK,0,0,0,0,0,104.0
Chris Paul,PG,SAS,0,0,0,0,0,104.4
Cody Martin,SG,CHA,0,0,0,0,0,84.5
Kevin Durant,PF,PHO,0,0,0,0,0,172.9
Zach Collins,C,SAS,0,0,0,0,0,56.7
Patrick Williams,PF,CHI,0,0,0,0,0,98.0
Kyle Lowry,PG,PHL,0,0,0,0,0,89.7
Jordan Poole,SG,WAS,0,0,0,0,0,96.9
Darius Garland,PG,CLE,0,0,0,0,0,201.4
Tari Eason,SF,HOU,0,0,0,0,0,39.8
Jusuf Nurkic,C,PHO,0,0,0,0,0,144.0
De'Aaron Fox,PG,SAC,0,0,0,0,0,163.2
Tim Hardaway Jr.,SG,DET,0,0,0,0,0,101.9
Bennedict Mathurin,SF,IND,0,0,0,0,0,182.9
Rudy Gobert,C,MIN,0,0,0,0,0,116.9
Taurean Prince,SF,MIL,0,0,0,0,0,39.0
Tyrese Haliburton,PG,IND,0,0,0,0,0,111.7
Naji Marshall,SF,DAL,0,0,0,0,0,70.6
Cade Cunningham,PG,DET,0,0,0,0,0,230.5
Jalen Suggs,PG,ORL,0,0,0,0,0,96.6
Zaccharie Risacher,SF,ATL,0,0,0,0,0,58.0
Shaedon Sharpe,SG,POR,0,0,0,0,0,137.2
Kyrie Irving,PG,DAL,0,0,0,0,0,124.4
DeMar DeRozan,SF,SAC,0,0,0,0,0,73.1
Cason Wallace,SG,OKC,0,0,0,0,0,63.0
Kyshawn George,SG,WAS,0,0,0,0,0,88.1
Alexandre Sarr,C,WAS,0,0,0,0,0,106.1
Nikola Vucevic,C,CHI,0,0,0,0,0,158.6
Zach Edey,C,MEM,0,0,0,0,0,90.3
Yves Missi,C,NOP,0,0,0,0,0,23.9
Toumani Camara,PF,POR,0,0,0,0,0,24.8
Josh Giddey,SG,CHI,0,0,0,0,0,107.4
RJ Barrett,SF,TOR,0,0,0,0,0,126.6
Christian Braun,SG,DEN,0,0,0,0,0,69.6
Keyonte George,PG,UTA,0,0,0,0,0,101.4
Andre Drummond,C,PHL,0,0,0,0,0,14.3
Paul George,SF,PHL,0,0,0,0,0,100.8
Norman Powell,SG,LAC,0,0,0,0,0,122.2
Jabari Smith Jr.,PF,HOU,0,0,0,0,0,118.4
Marcus Smart,SG,MEM,0,0,0,0,0,28.5
Robert Williams III,C,POR,0,0,0,0,0,95.4
Goga Bitadze,C,ORL,0,0,0,0,0,70.1
Caleb Martin,SG,PHL,0,0,0,0,0,87.3
Giannis Antetokounmpo,PF,MIL,0,0,0,0,0,233.1
Jarace Walker,PF,IND,0,0,0,0,0,20.4
Keon Ellis,SG,SAC,0,0,0,0,0,32.4
Jarrett Allen,C,CLE,0,0,0,0,0,163.4
Payton Pritchard,PG,BOS,0,0,0,0,0,86.4
Karl-Anthony Towns,C,NYK,0,0,0,0,0,200.6
Al Horford,C,BOS,0,0,0,0,0,57.1
Donte DiVincenzo,SG,MIN,0,0,0,0,0,54.3
Jalen Williams,PF,OKC,0,0,0,0,0,232.4
Kris Dunn,PG,LAC,0,0,0,0,0,60.7
Dereck Lively II,C,DAL,0,0,0,0,0,96.8
Peyton Watson,SF,DEN,0,0,0,0,0,54.0
Bradley Beal,SF,PHO,0,0,0,0,0,49.1
Corey Kispert,SF,WAS,0,0,0,0,0,24.2
Anthony Edwards,SG,MIN,0,0,0,0,0,199.1
Toumani Camara,PF,POR,0,0,0,0,0,63.9
Mike Conley,PG,MIN,0,0,0,0,0,27.3
Lauri Markkanen,PF,UTA,0,0,0,0,0,130.9
Ivica Zubac,C,LAC,0,0,0,0,0,136.9
Collin Sexton,SG,UTA,0,0,0,0,0,112.7
Malik Beasley,SG,DET,0,0,0,0,0,137.2
Chris Boucher,PF,TOR,0,0,0,0,0,47.0
Zach LaVine,SG,CHI,0,0,0,0,0,169.9
Shai Gilgeous-Alexander,PG,OKC,0,0,0,0,0,272.7
Ochai Agbaji,SF,TOR,0,0,0,0,0,75.7
Anfernee Simons,SG,POR,0,0,0,0,0,3.7
Aaron Wiggins,SG,OKC,0,0,0,0,0,62.5
Evan Mobley,PF,CLE,0,0,0,0,0,101.8
Dalano Banton,PG,POR,0,0,0,0,0,67.2
Caris LeVert,SG,CLE,0,0,0,0,0,95.9
OG Anunoby,SF,NYK,0,0,0,0,0,173.2
Brandon Ingram,SF,NOP,0,0,0,0,0,201.3
Franz Wagner,SF,ORL,0,0,0,0,0,186.4
Tyler Herro,SG,MIA,0,0,0,0,0,167.4
Donovan Mitchell,SG,CLE,0,0,0,0,0,209.6
Jaime Jaquez Jr.,SF,MIA,0,0,0,0,0,44.1
Brandin Podziemski,SG,GSW,0,0,0,0,0,7.2
Isaiah Joe,SG,OKC,0,0,0,0,0,61.1
Bilal Coulibaly,SF,WAS,0,0,0,0,0,104.0
Anthony Davis,C,LAL,0,0,0,0,0,187.0
Ty Jerome,PG,CLE,0,0,0,0,0,46.4
Cameron Johnson,SF,BKN,0,0,0,0,0,123.5
Cody Martin,SG,CHA,0,0,0,0,0,9.9
Gradey Dick,SG,TOR,0,0,0,0,0,79.9
Jalen Green,SG,HOU,0,0,0,0,0,113.0
Ben Simmons,PG,BKN,0,0,0,0,0,73.7
Brandon Boston,SG,NOP,0,0,0,0,0,134.8
Onyeka Okongwu,C,ATL,0,0,0,0,0,108.0
Davion Mitchell,PG,TOR,0,0,0,0,0,15.8
Keldon Johnson,SF,SAS,0,0,0,0,0,91.6
Julius Randle,PF,MIN,0,0,0,0,0,154.3
Jalen Brunson,PG,NYK,0,0,0,0,0,156.8
Jeremiah Robinson-Earl,PF,NOP,0,0,0,0,0,55.1
LeBron James,SF,LAL,0,0,0,0,0,171.5
Tre Mann,PG,CHA,0,0,0,0,0,19.3
LaMelo Ball,PG,CHA,0,0,0,0,0,162.2
Jaden McDaniels,SF,MIN,0,0,0,0,0,31.1
Nickeil Alexander-Walker,SG,MIN,0,0,0,0,0,78.6
Brook Lopez,C,MIL,0,0,0,0,0,127.6
Pascal Siakam,PF,IND,0,0,0,0,0,112.2
Derrick White,SG,BOS,0,0,0,0,0,114.6
Santi Aldama,PF,MEM,0,0,0,0,0,76.4
Jake LaRavia,PF,MEM,0,0,0,0,0,22.9
Buddy Hield,SG,GSW,0,0,0,0,0,53.5
Rui Hachimura,PF,LAL,0,0,0,0,0,44.4
Tobias Harris,PF,DET,0,0,0,0,0,134.5
Guerschon Yabusele,PF,PHL,0,0,0,0,0,42.9
Jalen Johnson,PF,ATL,0,0,0,0,0,171.8
De'Andre Hunter,SF,ATL,0,0,0,0,0,31.1
Miles McBride,PG,NYK,0,0,0,0,0,37.3
Jay Huff,C,MEM,0,0,0,0,0,29.1
Kentavious Caldwell-Pope,SG,ORL,0,0,0,0,0,34.2
Cam Thomas,SG,BKN,0,0,0,0,0,159.4
Trae Young,PG,ATL,0,0,0,0,0,79.4
Daniel Gafford,C,DAL,0,0,0,0,0,126.5
Dillon Brooks,SF,HOU,0,0,0,0,0,109.6
Carlton Carrington,PG,WAS,0,0,0,0,0,125.0
Jaren Jackson Jr.,C,MEM,0,0,0,0,0,151.8
James Harden,PG,LAC,0,0,0,0,0,184.8
Jrue Holiday,PG,BOS,0,0,0,0,0,65.3
Kelly Oubre Jr.,SF,PHL,0,0,0,0,0,68.2
Draymond Green,PF,GSW,0,0,0,0,0,89.0
Dennis Schroder,PG,GSW,0,0,0,0,0,106.2
Clint Capela,C,ATL,0,0,0,0,0,94.5
Coby White,PG,CHI,0,0,0,0,0,153.7
Zach Collins,C,SAS,0,0,0,0,0,7.7
Patrick Williams,PF,CHI,0,0,0,0,0,127.5
Jordan Poole,SG,WAS,0,0,0,0,0,186.1
Luka Doncic,PG,DAL,0,0,0,0,0,167.7
Darius Garland,PG,CLE,0,0,0,0,0,188.0
Tari Eason,SF,HOU,0,0,0,0,0,130.1
Jusuf Nurkic,C,PHO,0,0,0,0,0,15.4
De'Aaron Fox,PG,SAC,0,0,0,0,0,283.6
Bennedict Mathurin,SF,IND,0,0,0,0,0,99.6
Scoot Henderson,PG,POR,0,0,0,0,0,49.5
Andrew Wiggins,SF,GSW,0,0,0,0,0,48.5
Trey Murphy III,SF,NOP,0,0,0,0,0,78.5
Kyle Filipowski,PF,UTA,0,0,0,0,0,118.4
Rudy Gobert,C,MIN,0,0,0,0,0,126.3
Alperen Sengun,C,HOU,0,0,0,0,0,236.1
Davion Mitchell,PG,TOR,0,0,0,0,0,28.6
Tyus Jones,PG,PHO,0,0,0,0,0,105.7
Russell Westbrook,PG,DEN,0,0,0,0,0,43.4
Jonas Valanciunas,C,WAS,0,0,0,0,0,112.7
Dorian Finney-Smith,PF,LAL,0,0,0,0,0,65.1
Jakob Poeltl,C,TOR,0,0,0,0,0,168.6
Jake LaRavia,PF,MEM,0,0,0,0,0,21.1
Royce O'Neale,SF,PHO,0,0,0,0,0,97.3
Joel Embiid,C,PHL,0,0,0,0,0,23.6
Michael Porter Jr.,SF,DEN,0,0,0,0,0,58.8
Julian Champagnie,SF,SAS,0,0,0,0,0,27.5
Kevin Huerter,SG,SAC,0,0,0,0,0,117.0
Jaylen Brown,SF,BOS,0,0,0,0,0,150.6
Luguentz Dort,SG,OKC,0,0,0,0,0,127.8
Keegan Murray,PF,SAC,0,0,0,0,0,98.6
Myles Turner,C,IND,0,0,0,0,0,117.2
Jared McCain,SG,PHL,0,0,0,0,0,147.2
John Collins,PF,UTA,0,0,0,0,0,197.0
Jamal Murray,PG,DEN,0,0,0,0,0,86.4
Austin Reaves,SG,LAL,0,0,0,0,0,95.4
Scotty Pippen Jr.,PG,MEM,0,0,0,0,0,74.6
Klay Thompson,SG,DAL,0,0,0,0,0,92.5
Bam Adebayo,C,MIA,0,0,0,0,0,159.7
Bobby Portis,PF,MIL,0,0,0,0,0,68.0
Devin Vassell,SG,SAS,0,0,0,0,0,84.8
Devin Booker,PG,PHO,0,0,0,0,0,190.5
Moussa Diabate,PF,CHA,0,0,0,0,0,58.1
Brandon Miller,SF,CHA,0,0,0,0,0,82.9
Kyle Kuzma,PF,WAS,0,0,0,0,0,121.5
Malcolm Brogdon,PG,WAS,0,0,0,0,0,-0.6
Naz Reid,C,MIN,0,0,0,0,0,132.1
Josh Hart,SF,NYK,0,0,0,0,0,173.9
De'Anthony Melton,PG,BKN,0,0,0,0,0,30.8
Jordan Clarkson,SG,UTA,0,0,0,0,0,149.7
Jonathan Kuminga,PF,GSW,0,0,0,0,0,40.8
Terry Rozier,PG,MIA,0,0,0,0,0,53.6
Jayson Tatum,PF,BOS,0,0,0,0,0,171.7
D'Angelo Russell,PG,BKN,0,0,0,0,0,68.0
Desmond Bane,SG,MEM,0,0,0,0,0,38.2
Donovan Clingan,C,POR,0,0,0,0,0,59.9
Victor Wembanyama,C,SAS,0,0,0,0,0,237.8
Miles Bridges,SF,CHA,0,0,0,0,0,56.6
Harrison Barnes,PF,SAS,0,0,0,0,0,25.4
Nic Claxton,C,BKN,0,0,0,0,0,45.3
Fred VanVleet,PG,HOU,0,0,0,0,0,152.8
Jerami Grant,PF,POR,0,0,0,0,0,81.0
Dyson Daniels,SG,ATL,0,0,0,0,0,160.0
Jalen Duren,C,DET,0,0,0,0,0,115.1
Kevin Porter Jr.,SG,LAC,0,0,0,0,0,15.7
Jaylen Wells,SG,MEM,0,0,0,0,0,49.0
Mikal Bridges,SF,NYK,0,0,0,0,0,165.7
Chris Paul,PG,SAS,0,0,0,0,0,151.7
Cody Martin,SG,CHA,0,0,0,0,0,17.1
Derrick Jones Jr.,SF,LAC,0,0,0,0,0,30.6
AJ Green,SG,MIL,0,0,0,0,0,35.4
Jaden Ivey,SG,DET,0,0,0,0,0,127.0
Amen Thompson,SF,HOU,0,0,0,0,0,157.5
Grant Williams,PF,CHA,0,0,0,0,0,88.0
Domantas Sabonis,C,SAC,0,0,0,0,0,147.3
Stephen Curry,PG,GSW,0,0,0,0,0,117.8
Zeke Nnaji,PF,DEN,0,0,0,0,0,2.2
Isaiah Stewart,C,DET,0,0,0,0,0,96.2
Ayo Dosunmu,SG,CHI,0,0,0,0,0,118.6
Deni Avdija,SF,POR,0,0,0,0,0,93.6
Jose Alvarado,PG,NOP,0,0,0,0,0,5.0
Stephon Castle,PG,SAS,0,0,0,0,0,113.7
Jarace Walker,PF,IND,0,0,0,0,0,63.1
Jarrett Allen,C,CLE,0,0,0,0,0,132.5
Karl-Anthony Towns,C,NYK,0,0,0,0,0,154.6
Payton Pritchard,PG,BOS,0,0,0,0,0,70.1
Jalen Williams,PF,OKC,0,0,0,0,0,138.4
Al Horford,C,BOS,0,0,0,0,0,73.2
Kris Dunn,PG,LAC,0,0,0,0,0,79.7
Dereck Lively II,C,DAL,0,0,0,0,0,102.2
Tre Mann,PG,CHA,0,0,0,0,0,6.4
Peyton Watson,SF,DEN,0,0,0,0,0,97.0
Lindy Waters III,SG,GSW,0,0,0,0,0,23.8
Brandin Podziemski,SG,GSW,0,0,0,0,0,8.0
Anthony Edwards,SG,MIN,0,0,0,0,0,106.4
Aaron Wiggins,SG,OKC,0,0,0,0,0,27.0
Lauri Markkanen,PF,UTA,0,0,0,0,0,158.7
OG Anunoby,SF,NYK,0,0,0,0,0,124.5
Brandon Ingram,SF,NOP,0,0,0,0,0,63.1
Franz Wagner,SF,ORL,0,0,0,0,0,242.7
Cason Wallace,SG,OKC,0,0,0,0,0,51.9
Amir Coffey,SG,LAC,0,0,0,0,0,35.5
Tyler Herro,SG,MIA,0,0,0,0,0,71.0
Donovan Mitchell,SG,CLE,0,0,0,0,0,119.8
Bogdan Bogdanovic,SG,ATL,0,0,0,0,0,56.2
Quentin Grimes,SG,DAL,0,0,0,0,0,51.2
Bilal Coulibaly,SF,WAS,0,0,0,0,0,65.1
Anthony Davis,C,LAL,0,0,0,0,0,171.1
Ty Jerome,PG,CLE,0,0,0,0,0,68.8
Cameron Johnson,SF,BKN,0,0,0,0,0,160.4
Gradey Dick,SG,TOR,0,0,0,0,0,73.8
Jalen Green,SG,HOU,0,0,0,0,0,110.5
Tyrese Haliburton,PG,IND,0,0,0,0,0,149.8
Cade Cunningham,PG,DET,0,0,0,0,0,98.6
Chris Boucher,PF,TOR,0,0,0,0,0,20.6
Jalen Suggs,PG,ORL,0,0,0,0,0,110.3
Zaccharie Risacher,SF,ATL,0,0,0,0,0,73.4
Shaedon Sharpe,SG,POR,0,0,0,0,0,89.6
DeMar DeRozan,SF,SAC,0,0,0,0,0,53.7
Kyrie Irving,PG,DAL,0,0,0,0,0,119.2
Kyshawn George,SG,WAS,0,0,0,0,0,6.6
Jeremiah Robinson-Earl,PF,NOP,0,0,0,0,0,96.7
Alexandre Sarr,C,WAS,0,0,0,0,0,83.9
Nikola Vucevic,C,CHI,0,0,0,0,0,215.3
Toumani Camara,PF,POR,0,0,0,0,0,72.9
Taurean Prince,SF,MIL,0,0,0,0,0,16.2
Nikola Jokic,C,DEN,0,0,0,0,0,152.5
Santi Aldama,PF,MEM,0,0,0,0,0,114.9
Buddy Hield,SG,GSW,0,0,0,0,0,72.2
Rui Hachimura,PF,LAL,0,0,0,0,0,24.4
Tobias Harris,PF,DET,0,0,0,0,0,90.5
Guerschon Yabusele,PF,PHL,0,0,0,0,0,95.0
Jalen Johnson,PF,ATL,0,0,0,0,0,106.4
Donte DiVincenzo,SG,MIN,0,0,0,0,0,26.6
Cam Thomas,SG,BKN,0,0,0,0,0,79.5
Jake LaRavia,PF,MEM,0,0,0,0,0,80.6
De'Andre Hunter,SF,ATL,0,0,0,0,0,90.5
Kentavious Caldwell-Pope,SG,ORL,0,0,0,0,0,47.1
Tyrese Maxey,PG,PHL,0,0,0,0,0,112.7
Josh Giddey,SG,CHI,0,0,0,0,0,139.0
Zach Collins,C,SAS,0,0,0,0,0,26.5
Christian Braun,SG,DEN,0,0,0,0,0,104.3
Corey Kispert,SF,WAS,0,0,0,0,0,10.6
Keyonte George,PG,UTA,0,0,0,0,0,95.9
RJ Barrett,SF,TOR,0,0,0,0,0,150.4
Norman Powell,SG,LAC,0,0,0,0,0,34.2
Paul George,SF,PHL,0,0,0,0,0,49.0
Jabari Smith Jr.,PF,HOU,0,0,0,0,0,95.5
Robert Williams III,C,POR,0,0,0,0,0,46.8
Goga Bitadze,C,ORL,0,0,0,0,0,119.1
Caleb Martin,SG,PHL,0,0,0,0,0,52.1
Giannis Antetokounmpo,PF,MIL,0,0,0,0,0,256.6
Coby White,PG,CHI,0,0,0,0,0,148.7
Patrick Williams,PF,CHI,0,0,0,0,0,17.5
T.J. McConnell,PG,IND,0,0,0,0,0,65.7
Jordan Poole,SG,WAS,0,0,0,0,0,62.7
Luka Doncic,PG,DAL,0,0,0,0,0,56.5
Darius Garland,PG,CLE,0,0,0,0,0,54.5
Tari Eason,SF,HOU,0,0,0,0,0,156.2
Jusuf Nurkic,C,PHO,0,0,0,0,0,52.4
De'Aaron Fox,PG,SAC,0,0,0,0,0,152.1
Bennedict Mathurin,SF,IND,0,0,0,0,0,133.0
Craig Porter Jr.,SG,CLE,0,0,0,0,0,25.2
Anthony Black,PG,ORL,0,0,0,0,0,66.0
Scoot Henderson,PG,POR,0,0,0,0,0,22.1
Andrew Wiggins,SF,GSW,0,0,0,0,0,182.6
Trey Murphy III,SF,NOP,0,0,0,0,0,79.3
Kyle Filipowski,PF,UTA,0,0,0,0,0,20.0
Rudy Gobert,C,MIN,0,0,0,0,0,75.2
Chris Boucher,PF,TOR,0,0,0,0,0,22.4
Anfernee Simons,SG,POR,0,0,0,0,0,49.2
Ivica Zubac,C,LAC,0,0,0,0,0,161.2
Collin Sexton,SG,UTA,0,0,0,0,0,100.6
Malik Beasley,SG,DET,0,0,0,0,0,102.7
Zach LaVine,SG,CHI,0,0,0,0,0,187.9
Shai Gilgeous-Alexander,PG,OKC,0,0,0,0,0,114.1
Ochai Agbaji,SF,TOR,0,0,0,0,0,65.8
Ty Jerome,PG,CLE,0,0,0,0,0,61.1
Evan Mobley,PF,CLE,0,0,0,0,0,122.3
Dalton Knecht,SG,LAL,0,0,0,0,0,112.3
Jimmy Butler,SF,MIA,0,0,0,0,0,121.3
Dalano Banton,PG,POR,0,0,0,0,0,51.4
Naji Marshall,SF,DAL,0,0,0,0,0,71.2
Jared McCain,SG,PHL,0,0,0,0,0,150.2
Austin Reaves,SG,LAL,0,0,0,0,0,78.5
Jonathan Isaac,PF,ORL,0,0,0,0,0,53.9
Scotty Pippen Jr.,PG,MEM,0,0,0,0,0,110.9
Bam Adebayo,C,MIA,0,0,0,0,0,73.8
Klay Thompson,SG,DAL,0,0,0,0,0,81.8
Bobby Portis,PF,MIL,0,0,0,0,0,114.8
Devin Booker,PG,PHO,0,0,0,0,0,80.0
Keegan Murray,PF,SAC,0,0,0,0,0,93.3
Myles Turner,C,IND,0,0,0,0,0,104.7
John Collins,PF,UTA,0,0,0,0,0,137.0
Jamal Murray,PG,DEN,0,0,0,0,0,134.3
Ben Simmons,PG,BKN,0,0,0,0,0,51.1
Brandon Boston,SG,NOP,0,0,0,0,0,45.0
Jordan Hawkins,SG,NOP,0,0,0,0,0,11.7
Onyeka Okongwu,C,ATL,0,0,0,0,0,46.5
Keldon Johnson,SF,SAS,0,0,0,0,0,69.1
Isaiah Stewart,C,DET,0,0,0,0,0,36.5
Julius Randle,PF,MIN,0,0,0,0,0,71.0
Jalen Brunson,PG,NYK,0,0,0,0,0,166.5
LeBron James,SF,LAL,0,0,0,0,0,148.6
LaMelo Ball,PG,CHA,0,0,0,0,0,165.6
Georges Niang,PF,CLE,0,0,0,0,0,2.3
Jaden McDaniels,SF,MIN,0,0,0,0,0,64.4
Malcolm Brogdon,PG,WAS,0,0,0,0,0,27.7
Brook Lopez,C,MIL,0,0,0,0,0,196.1
Pascal Siakam,PF,IND,0,0,0,0,0,171.1
Derrick White,SG,BOS,0,0,0,0,0,116.4
P.J. Washington,PF,DAL,0,0,0,0,0,111.8
Zach Collins,C,SAS,0,0,0,0,0,34.9
D'Angelo Russell,PG,BKN,0,0,0,0,0,63.3
Desmond Bane,SG,MEM,0,0,0,0,0,89.4
Victor Wembanyama,C,SAS,0,0,0,0,0,60.9
Miles Bridges,SF,CHA,0,0,0,0,0,36.6
Harrison Barnes,PF,SAS,0,0,0,0,0,132.2
Nic Claxton,C,BKN,0,0,0,0,0,57.0
Jerami Grant,PF,POR,0,0,0,0,0,83.9
Fred VanVleet,PG,HOU,0,0,0,0,0,138.5
Terance Mann,SG,LAC,0,0,0,0,0,43.4
Dyson Daniels,SG,ATL,0,0,0,0,0,96.3
Jalen Duren,C,DET,0,0,0,0,0,87.0
Javonte Green,SF,NOP,0,0,0,0,0,48.7
Mikal Bridges,SF,NYK,0,0,0,0,0,74.8
Chris Paul,PG,SAS,0,0,0,0,0,112.6
Dario Saric,PF,DEN,0,0,0,0,0,20.5
Derrick Jones Jr.,SF,LAC,0,0,0,0,0,12.6
Daniel Gafford,C,DAL,0,0,0,0,0,92.0
Jaren Jackson Jr.,C,MEM,0,0,0,0,0,133.7
Kelly Oubre Jr.,SF,PHL,0,0,0,0,0,115.8
Clint Capela,C,ATL,0,0,0,0,0,114.5
Trae Young,PG,ATL,0,0,0,0,0,133.9
Walker Kessler,C,UTA,0,0,0,0,0,37.5
Dillon Brooks,SF,HOU,0,0,0,0,0,13.3
Carlton Carrington,PG,WAS,0,0,0,0,0,54.3
James Harden,PG,LAC,0,0,0,0,0,181.7
Julian Champagnie,SF,SAS,0,0,0,0,0,93.5
Jrue Holiday,PG,BOS,0,0,0,0,0,91.3
Draymond Green,PF,GSW,0,0,0,0,0,118.7
Dennis Schroder,PG,GSW,0,0,0,0,0,66.6
Donovan Clingan,C,POR,0,0,0,0,0,32.3
Brandon Miller,SF,CHA,0,0,0,0,0,198.2
Kyle Kuzma,PF,WAS,0,0,0,0,0,71.4
Malcolm Brogdon,PG,WAS,0,0,0,0,0,10.7
Naz Reid,C,MIN,0,0,0,0,0,21.3
Josh Hart,SF,NYK,0,0,0,0,0,137.6
Isaiah Hartenstein,C,OKC,0,0,0,0,0,45.3
Jordan Clarkson,SG,UTA,0,0,0,0,0,40.6
Jonathan Kuminga,PF,GSW,0,0,0,0,0,70.9
Scottie Barnes,SF,TOR,0,0,0,0,0,78.0
Jayson Tatum,PF,BOS,0,0,0,0,0,160.8
Ben Simmons,PG,BKN,0,0,0,0,0,20.6
Alperen Sengun,C,HOU,0,0,0,0,0,163.9
Davion Mitchell,PG,TOR,0,0,0,0,0,38.6
Tyus Jones,PG,PHO,0,0,0,0,0,81.5
Russell Westbrook,PG,DEN,0,0,0,0,0,127.6
Jonas Valanciunas,C,WAS,0,0,0,0,0,90.2
Dorian Finney-Smith,PF,LAL,0,0,0,0,0,42.5
Jakob Poeltl,C,TOR,0,0,0,0,0,144.7
Royce O'Neale,SF,PHO,0,0,0,0,0,41.7
Joel Embiid,C,PHL,0,0,0,0,0,91.8
Michael Porter Jr.,SF,DEN,0,0,0,0,0,139.4
Kevin Huerter,SG,SAC,0,0,0,0,0,56.2
Jaylen Brown,SF,BOS,0,0,0,0,0,142.7
Luguentz Dort,SG,OKC,0,0,0,0,0,39.9
Caleb Martin,SG,PHL,0,0,0,0,0,5.1
Jaden Ivey,SG,DET,0,0,0,0,0,84.3
Amen Thompson,SF,HOU,0,0,0,0,0,112.2
Stephen Curry,PG,GSW,0,0,0,0,0,183.0
Isaiah Stewart,C,DET,0,0,0,0,0,20.8
Duncan Robinson,SF,MIA,0,0,0,0,0,11.5
Ayo Dosunmu,SG,CHI,0,0,0,0,0,97.6
Deni Avdija,SF,POR,0,0,0,0,0,87.9
Damian Lillard,PG,MIL,0,0,0,0,0,178.6
Obi Toppin,PF,IND,0,0,0,0,0,100.4
Neemias Queta,C,BOS,0,0,0,0,0,11.4
Grant Williams,PF,CHA,0,0,0,0,0,88.4
Domantas Sabonis,C,SAC,0,0,0,0,0,103.1
Yves Missi,C,NOP,0,0,0,0,0,23.1
Stephon Castle,PG,SAS,0,0,0,0,0,89.3
Nikola Jokic,C,DEN,0,0,0,0,0,190.2
Santi Aldama,PF,MEM,0,0,0,0,0,142.6
Buddy Hield,SG,GSW,0,0,0,0,0,50.7
Rui Hachimura,PF,LAL,0,0,0,0,0,106.6
Trayce Jackson-Davis,PF,GSW,0,0,0,0,0,16.6
Tobias Harris,PF,DET,0,0,0,0,0,68.0
Guerschon Yabusele,PF,PHL,0,0,0,0,0,41.9
Jalen Johnson,PF,ATL,0,0,0,0,0,221.4
Donte DiVincenzo,SG,MIN,0,0,0,0,0,39.7
Cam Thomas,SG,BKN,0,0,0,0,0,33.6
De'Andre Hunter,SF,ATL,0,0,0,0,0,116.4
Tyrese Maxey,PG,PHL,0,0,0,0,0,131.7
Kentavious Caldwell-Pope,SG,ORL,0,0,0,0,0,93.4
Coby White,PG,CHI,0,0,0,0,0,77.7
T.J. McConnell,PG,IND,0,0,0,0,0,77.2
Jordan Poole,SG,WAS,0,0,0,0,0,68.3
Luka Doncic,PG,DAL,0,0,0,0,0,82.4
Darius Garland,PG,CLE,0,0,0,0,0,138.0
Tari Eason,SF,HOU,0,0,0,0,0,63.5
Jusuf Nurkic,C,PHO,0,0,0,0,0,56.8
De'Aaron Fox,PG,SAC,0,0,0,0,0,165.9
Bennedict Mathurin,SF,IND,0,0,0,0,0,134.1
Corey Kispert,SF,WAS,0,0,0,0,0,12.3
Anthony Black,PG,ORL,0,0,0,0,0,23.1
Yves Missi,C,NOP,0,0,0,0,0,97.4
Andrew Wiggins,SF,GSW,0,0,0,0,0,93.1
Trey Murphy III,SF,NOP,0,0,0,0,0,105.8
Rudy Gobert,C,MIN,0,0,0,0,0,93.5
Keegan Murray,PF,SAC,0,0,0,0,0,95.2
Naji Marshall,SF,DAL,0,0,0,0,0,76.5
Myles Turner,C,IND,0,0,0,0,0,132.1
Jared McCain,SG,PHL,0,0,0,0,0,32.0
John Collins,PF,UTA,0,0,0,0,0,122.7
Austin Reaves,SG,LAL,0,0,0,0,0,67.5
Jamal Murray,PG,DEN,0,0,0,0,0,131.6
Scotty Pippen Jr.,PG,MEM,0,0,0,0,0,83.8
Bam Adebayo,C,MIA,0,0,0,0,0,177.0
Bobby Portis,PF,MIL,0,0,0,0,0,45.9
Devin Vassell,SG,SAS,0,0,0,0,0,64.1
Devin Booker,PG,PHO,0,0,0,0,0,151.6
Jarace Walker,PF,IND,0,0,0,0,0,2.4
Jarrett Allen,C,CLE,0,0,0,0,0,74.0
Payton Pritchard,PG,BOS,0,0,0,0,0,142.7
Karl-Anthony Towns,C,NYK,0,0,0,0,0,217.5
Al Horford,C,BOS,0,0,0,0,0,29.2
Jalen Williams,PF,OKC,0,0,0,0,0,170.3
Kris Dunn,PG,LAC,0,0,0,0,0,45.6
Dereck Lively II,C,DAL,0,0,0,0,0,82.0
Peyton Watson,SF,DEN,0,0,0,0,0,60.6
Lindy Waters III,SG,GSW,0,0,0,0,0,43.3
Bradley Beal,SF,PHO,0,0,0,0,0,63.5
Quentin Grimes,SG,DAL,0,0,0,0,0,95.6
Royce O'Neale,SF,PHO,0,0,0,0,0,79.5
Anthony Edwards,SG,MIN,0,0,0,0,0,144.8
Mike Conley,PG,MIN,0,0,0,0,0,26.9
Lauri Markkanen,PF,UTA,0,0,0,0,0,105.0
D'Angelo Russell,PG,BKN,0,0,0,0,0,105.1
Spencer Dinwiddie,PG,DAL,0,0,0,0,0,69.6
Desmond Bane,SG,MEM,0,0,0,0,0,96.1
Victor Wembanyama,C,SAS,0,0,0,0,0,210.2
Nic Claxton,C,BKN,0,0,0,0,0,50.3
Ziaire Williams,SF,BKN,0,0,0,0,0,40.9
Gary Trent Jr.,SG,MIL,0,0,0,0,0,10.4
Harrison Barnes,PF,SAS,0,0,0,0,0,70.9
Fred VanVleet,PG,HOU,0,0,0,0,0,149.1
Jerami Grant,PF,POR,0,0,0,0,0,51.4
Terance Mann,SG,LAC,0,0,0,0,0,25.7
Dyson Daniels,SG,ATL,0,0,0,0,0,127.1
Jalen Duren,C,DET,0,0,0,0,0,111.2
Javonte Green,SF,NOP,0,0,0,0,0,29.1
Mikal Bridges,SF,NYK,0,0,0,0,0,129.6
Chris Paul,PG,SAS,0,0,0,0,0,93.0
Donovan Mitchell,SG,CLE,0,0,0,0,0,156.9
Moussa Diabate,PF,CHA,0,0,0,0,0,91.1
Jaime Jaquez Jr.,SF,MIA,0,0,0,0,0,58.2
OG Anunoby,SF,NYK,0,0,0,0,0,129.1
Bogdan Bogdanovic,SG,ATL,0,0,0,0,0,82.4
Bilal Coulibaly,SF,WAS,0,0,0,0,0,46.3
Anthony Davis,C,LAL,0,0,0,0,0,236.4
Franz Wagner,SF,ORL,0,0,0,0,0,201.2
Julian Champagnie,SF,SAS,0,0,0,0,0,45.6
Jaylen Wells,SG,MEM,0,0,0,0,0,10.3
Cameron Johnson,SF,BKN,0,0,0,0,0,126.9
Tyler Herro,SG,MIA,0,0,0,0,0,184.0
Jalen Green,SG,HOU,0,0,0,0,0,102.9
Jalen Wilson,PF,BKN,0,0,0,0,0,32.0
Alperen Sengun,C,HOU,0,0,0,0,0,180.6
Kevin Durant,PF,PHO,0,0,0,0,0,136.8
Brandon Miller,SF,CHA,0,0,0,0,0,173.2
Malik Monk,SG,SAC,0,0,0,0,0,194.8
Isaiah Hartenstein,C,OKC,0,0,0,0,0,177.5
Scottie Barnes,SF,TOR,0,0,0,0,0,70.3
Terry Rozier,PG,MIA,0,0,0,0,0,93.6
Jayson Tatum,PF,BOS,0,0,0,0,0,176.2
Wendell Carter Jr.,C,ORL,0,0,0,0,0,64.8
Dillon Brooks,SF,HOU,0,0,0,0,0,75.7
Josh Hart,SF,NYK,0,0,0,0,0,37.7
Jaylen Brown,SF,BOS,0,0,0,0,0,29.4
Jonathan Kuminga,PF,GSW,0,0,0,0,0,51.2
AJ Green,SG,MIL,0,0,0,0,0,16.2
Brice Sensabaugh,SF,UTA,0,0,0,0,0,43.6
Tyrese Haliburton,PG,IND,0,0,0,0,0,201.1
Cade Cunningham,PG,DET,0,0,0,0,0,57.2
Chris Boucher,PF,TOR,0,0,0,0,0,26.9
Jalen Suggs,PG,ORL,0,0,0,0,0,109.8
Zaccharie Risacher,SF,ATL,0,0,0,0,0,99.5
Shaedon Sharpe,SG,POR,0,0,0,0,0,122.5
DeMar DeRozan,SF,SAC,0,0,0,0,0,112.4
Kyrie Irving,PG,DAL,0,0,0,0,0,172.7
Miles McBride,PG,NYK,0,0,0,0,0,70.3
Alexandre Sarr,C,WAS,0,0,0,0,0,83.3
Nikola Vucevic,C,CHI,0,0,0,0,0,150.3
Toumani Camara,PF,POR,0,0,0,0,0,72.7
Nick Richards,C,CHA,0,0,0,0,0,32.7
Jaden Ivey,SG,DET,0,0,0,0,0,145.9
Amen Thompson,SF,HOU,0,0,0,0,0,123.7
Stephen Curry,PG,GSW,0,0,0,0,0,95.7
Duncan Robinson,SF,MIA,0,0,0,0,0,92.2
Ayo Dosunmu,SG,CHI,0,0,0,0,0,94.6
Deni Avdija,SF,POR,0,0,0,0,0,172.2
Moritz Wagner,C,ORL,0,0,0,0,0,113.0
Damian Lillard,PG,MIL,0,0,0,0,0,139.1
Dejounte Murray,SG,NOP,0,0,0,0,0,96.6
Obi Toppin,PF,IND,0,0,0,0,0,75.6
Neemias Queta,C,BOS,0,0,0,0,0,52.7
Domantas Sabonis,C,SAC,0,0,0,0,0,222.8
Stephon Castle,PG,SAS,0,0,0,0,0,76.9
Josh Giddey,SG,CHI,0,0,0,0,0,95.3
Christian Braun,SG,DEN,0,0,0,0,0,91.0
Keyonte George,PG,UTA,0,0,0,0,0,131.0
RJ Barrett,SF,TOR,0,0,0,0,0,184.3
Norman Powell,SG,LAC,0,0,0,0,0,41.5
Paul George,SF,PHL,0,0,0,0,0,28.1
Jabari Smith Jr.,PF,HOU,0,0,0,0,0,113.8
Marcus Smart,SG,MEM,0,0,0,0,0,137.3
Robert Williams III,C,POR,0,0,0,0,0,22.6
Cody Martin,SG,CHA,0,0,0,0,0,107.2
Goga Bitadze,C,ORL,0,0,0,0,0,144.3
Giannis Antetokounmpo,PF,MIL,0,0,0,0,0,81.4
Daniel Gafford,C,DAL,0,0,0,0,0,108.3
CJ McCollum,SG,NOP,0,0,0,0,0,134.8
Jaren Jackson Jr.,C,MEM,0,0,0,0,0,176.6
Kelly Oubre Jr.,SF,PHL,0,0,0,0,0,60.2
Clint Capela,C,ATL,0,0,0,0,0,90.2
Elfrid Payton,PG,FA,0,0,0,0,0,66.3
Trae Young,PG,ATL,0,0,0,0,0,174.1
Ja Morant,PG,MEM,0,0,0,0,0,138.9
Walker Kessler,C,UTA,0,0,0,0,0,176.0
James Harden,PG,LAC,0,0,0,0,0,250.9
Jrue Holiday,PG,BOS,0,0,0,0,0,50.4
Draymond Green,PF,GSW,0,0,0,0,0,100.4
Dennis Schroder,PG,GSW,0,0,0,0,0,138.7
Anfernee Simons,SG,POR,0,0,0,0,0,175.7
Kristaps Porzingis,C,BOS,0,0,0,0,0,84.7
Caris LeVert,SG,CLE,0,0,0,0,0,24.2
Deandre Ayton,C,POR,0,0,0,0,0,84.2
Ivica Zubac,C,LAC,0,0,0,0,0,151.9
Collin Sexton,SG,UTA,0,0,0,0,0,125.0
Malik Beasley,SG,DET,0,0,0,0,0,88.5
Zach LaVine,SG,CHI,0,0,0,0,0,101.4
Shai Gilgeous-Alexander,PG,OKC,0,0,0,0,0,255.4
Ochai Agbaji,SF,TOR,0,0,0,0,0,2.7
Ty Jerome,PG,CLE,0,0,0,0,0,45.6
Evan Mobley,PF,CLE,0,0,0,0,0,149.8
Dalton Knecht,SG,LAL,0,0,0,0,0,114.0
Jimmy Butler,SF,MIA,0,0,0,0,0,136.0
Ben Simmons,PG,BKN,0,0,0,0,0,32.8
Brandon Boston,SG,NOP,0,0,0,0,0,89.0
Davion Mitchell,PG,TOR,0,0,0,0,0,10.7
Naz Reid,C,MIN,0,0,0,0,0,90.7
Tyus Jones,PG,PHO,0,0,0,0,0,111.7
Russell Westbrook,PG,DEN,0,0,0,0,0,106.9
Scottie Barnes,SF,TOR,0,0,0,0,0,151.9
Jonas Valanciunas,C,WAS,0,0,0,0,0,79.4
Jakob Poeltl,C,TOR,0,0,0,0,0,138.0
Kyle Kuzma,PF,WAS,0,0,0,0,0,44.3
Josh Hart,SF,NYK,0,0,0,0,0,113.0
Michael Porter Jr.,SF,DEN,0,0,0,0,0,106.3
Kevin Huerter,SG,SAC,0,0,0,0,0,0.2
Jaylen Brown,SF,BOS,0,0,0,0,0,43.7
Luguentz Dort,SG,OKC,0,0,0,0,0,56.5
Onyeka Okongwu,C,ATL,0,0,0,0,0,119.5
Keldon Johnson,SF,SAS,0,0,0,0,0,43.3
Cameron Payne,PG,NYK,0,0,0,0,0,23.2
Isaiah Stewart,C,DET,0,0,0,0,0,25.8
Julius Randle,PF,MIN,0,0,0,0,0,111.5
Jalen Brunson,PG,NYK,0,0,0,0,0,212.8
Kyshawn George,SG,WAS,0,0,0,0,0,13.3
LeBron James,SF,LAL,0,0,0,0,0,182.2
LaMelo Ball,PG,CHA,0,0,0,0,0,128.3
Jaden McDaniels,SF,MIN,0,0,0,0,0,54.0
Malcolm Brogdon,PG,WAS,0,0,0,0,0,127.6
Brook Lopez,C,MIL,0,0,0,0,0,73.4
Pascal Siakam,PF,IND,0,0,0,0,0,172.0
Derrick White,SG,BOS,0,0,0,0,0,84.5
P.J. Washington,PF,DAL,0,0,0,0,0,170.3
Jared McCain,SG,PHL,0,0,0,0,0,114.0
Klay Thompson,SG,DAL,0,0,0,0,0,62.8
Vasilije Micic,PG,CHA,0,0,0,0,0,117.5
Bam Adebayo,C,MIA,0,0,0,0,0,180.6
Bobby Portis,PF,MIL,0,0,0,0,0,136.9
Devin Vassell,SG,SAS,0,0,0,0,0,99.8
Devin Booker,PG,PHO,0,0,0,0,0,180.7
Keegan Murray,PF,SAC,0,0,0,0,0,132.1
Myles Turner,C,IND,0,0,0,0,0,140.4
John Collins,PF,UTA,0,0,0,0,0,104.5
Jamal Murray,PG,DEN,0,0,0,0,0,75.4
Trendon Watford,PF,BKN,0,0,0,0,0,32.6
Oso Ighodaro,PF,PHO,0,0,0,0,0,19.1
D'Angelo Russell,PG,BKN,0,0,0,0,0,141.4
Jonathan Isaac,PF,ORL,0,0,0,0,0,47.0
Al Horford,C,BOS,0,0,0,0,0,64.1
Desmond Bane,SG,MEM,0,0,0,0,0,113.1
Victor Wembanyama,C,SAS,0,0,0,0,0,97.1
Harrison Barnes,PF,SAS,0,0,0,0,0,59.4
Nic Claxton,C,BKN,0,0,0,0,0,121.7
Fred VanVleet,PG,HOU,0,0,0,0,0,53.2
Jerami Grant,PF,POR,0,0,0,0,0,84.2
Dyson Daniels,SG,ATL,0,0,0,0,0,167.2
Jalen Duren,C,DET,0,0,0,0,0,68.8
Mikal Bridges,SF,NYK,0,0,0,0,0,119.1
Jaylen Wells,SG,MEM,0,0,0,0,0,16.6
Chris Paul,PG,SAS,0,0,0,0,0,141.4
Talen Horton-Tucker,SG,CHI,0,0,0,0,0,22.3
Nikola Jokic,C,DEN,0,0,0,0,0,359.5
Santi Aldama,PF,MEM,0,0,0,0,0,159.7
Jake LaRavia,PF,MEM,0,0,0,0,0,75.4
Buddy Hield,SG,GSW,0,0,0,0,0,85.5
Rui Hachimura,PF,LAL,0,0,0,0,0,151.7
Tobias Harris,PF,DET,0,0,0,0,0,121.9
Jalen Johnson,PF,ATL,0,0,0,0,0,135.5
Guerschon Yabusele,PF,PHL,0,0,0,0,0,101.5
De'Andre Hunter,SF,ATL,0,0,0,0,0,150.1
Kentavious Caldwell-Pope,SG,ORL,0,0,0,0,0,56.6
Donte DiVincenzo,SG,MIN,0,0,0,0,0,95.6
Tyrese Maxey,PG,PHL,0,0,0,0,0,173.0
Kevin Durant,PF,PHO,0,0,0,0,0,22.3
Alperen Sengun,C,HOU,0,0,0,0,0,117.2
Brandon Miller,SF,CHA,0,0,0,0,0,176.8
Malik Monk,SG,SAC,0,0,0,0,0,158.8
Isaiah Hartenstein,C,OKC,0,0,0,0,0,97.1
Jayson Tatum,PF,BOS,0,0,0,0,0,143.3
Terry Rozier,PG,MIA,0,0,0,0,0,78.0
Herbert Jones,SF,NOP,0,0,0,0,0,68.4
Brandin Podziemski,SG,GSW,0,0,0,0,0,70.1
Dillon Brooks,SF,HOU,0,0,0,0,0,36.7
Wendell Carter Jr.,C,ORL,0,0,0,0,0,70.4
Mark Williams,C,CHA,0,0,0,0,0,51.1
Jaylen Brown,SF,BOS,0,0,0,0,0,188.3
Aaron Wiggins,SG,OKC,0,0,0,0,0,13.6
Jonathan Kuminga,PF,GSW,0,0,0,0,0,157.7
Coby White,PG,CHI,0,0,0,0,0,70.6
T.J. McConnell,PG,IND,0,0,0,0,0,83.7
Jordan Poole,SG,WAS,0,0,0,0,0,119.1
Luka Doncic,PG,DAL,0,0,0,0,0,218.5
Mason Plumlee,C,PHO,0,0,0,0,0,45.9
Darius Garland,PG,CLE,0,0,0,0,0,129.4
Tari Eason,SF,HOU,0,0,0,0,0,39.9
De'Aaron Fox,PG,SAC,0,0,0,0,0,192.5
Bennedict Mathurin,SF,IND,0,0,0,0,0,93.7
Yves Missi,C,NOP,0,0,0,0,0,139.5
Andrew Wiggins,SF,GSW,0,0,0,0,0,95.8
Alex Caruso,SG,OKC,0,0,0,0,0,32.4
Trey Murphy III,SF,NOP,0,0,0,0,0,161.9
Rudy Gobert,C,MIN,0,0,0,0,0,147.7
Jaden Ivey,SG,DET,0,0,0,0,0,66.3
Amen Thompson,SF,HOU,0,0,0,0,0,80.4
Chris Boucher,PF,TOR,0,0,0,0,0,13.2
Stephen Curry,PG,GSW,0,0,0,0,0,133.1
Moses Moody,SG,GSW,0,0,0,0,0,9.4
Duncan Robinson,SF,MIA,0,0,0,0,0,11.6
Ayo Dosunmu,SG,CHI,0,0,0,0,0,180.4
Deni Avdija,SF,POR,0,0,0,0,0,70.4
Moritz Wagner,C,ORL,0,0,0,0,0,132.6
Aaron Gordon,PF,DEN,0,0,0,0,0,81.1
Damian Lillard,PG,MIL,0,0,0,0,0,179.3
Obi Toppin,PF,IND,0,0,0,0,0,111.2
Dejounte Murray,SG,NOP,0,0,0,0,0,179.0
Neemias Queta,C,BOS,0,0,0,0,0,19.9
Domantas Sabonis,C,SAC,0,0,0,0,0,195.6
Stephon Castle,PG,SAS,0,0,0,0,0,122.7
Jarrett Allen,C,CLE,0,0,0,0,0,112.0
Karl-Anthony Towns,C,NYK,0,0,0,0,0,106.2
Payton Pritchard,PG,BOS,0,0,0,0,0,142.3
Jalen Williams,PF,OKC,0,0,0,0,0,149.0
Dereck Lively II,C,DAL,0,0,0,0,0,88.6
Peyton Watson,SF,DEN,0,0,0,0,0,41.8
Bradley Beal,SF,PHO,0,0,0,0,0,127.4
Quentin Grimes,SG,DAL,0,0,0,0,0,11.4
Carlton Carrington,PG,WAS,0,0,0,0,0,64.2
Royce O'Neale,SF,PHO,0,0,0,0,0,146.1
Anthony Edwards,SG,MIN,0,0,0,0,0,179.9
Mike Conley,PG,MIN,0,0,0,0,0,107.9
Jeremy Sochan,PF,SAS,0,0,0,0,0,90.3
Lauri Markkanen,PF,UTA,0,0,0,0,0,35.6
Kevon Looney,C,GSW,0,0,0,0,0,19.5
Haywood Highsmith,SF,MIA,0,0,0,0,0,58.7
Daniel Gafford,C,DAL,0,0,0,0,0,89.9
CJ McCollum,SG,NOP,0,0,0,0,0,167.6
Jaren Jackson Jr.,C,MEM,0,0,0,0,0,170.4
Cason Wallace,SG,OKC,0,0,0,0,0,22.4
Kelly Oubre Jr.,SF,PHL,0,0,0,0,0,135.2
Clint Capela,C,ATL,0,0,0,0,0,122.1
Elfrid Payton,PG,FA,0,0,0,0,0,3.0
Trae Young,PG,ATL,0,0,0,0,0,188.5
Ja Morant,PG,MEM,0,0,0,0,0,138.3
Walker Kessler,C,UTA,0,0,0,0,0,130.9
Ricky Council IV,SG,PHL,0,0,0,0,0,19.2
James Harden,PG,LAC,0,0,0,0,0,43.8
Jrue Holiday,PG,BOS,0,0,0,0,0,85.8
Draymond Green,PF,GSW,0,0,0,0,0,65.5
Dennis Schroder,PG,GSW,0,0,0,0,0,111.2
Moussa Diabate,PF,CHA,0,0,0,0,0,1.2
Brandon Ingram,SF,NOP,0,0,0,0,0,66.6
OG Anunoby,SF,NYK,0,0,0,0,0,142.4
Franz Wagner,SF,ORL,0,0,0,0,0,158.5
Dorian Finney-Smith,PF,LAL,0,0,0,0,0,22.3
Tyler Herro,SG,MIA,0,0,0,0,0,193.8
Donovan Mitchell,SG,CLE,0,0,0,0,0,174.9
Bogdan Bogdanovic,SG,ATL,0,0,0,0,0,97.4
Jaime Jaquez Jr.,SF,MIA,0,0,0,0,0,81.4
Bilal Coulibaly,SF,WAS,0,0,0,0,0,111.9
Anthony Davis,C,LAL,0,0,0,0,0,199.3
Julian Champagnie,SF,SAS,0,0,0,0,0,111.6
Cameron Johnson,SF,BKN,0,0,0,0,0,94.5
Gradey Dick,SG,TOR,0,0,0,0,0,41.8
Taurean Prince,SF,MIL,0,0,0,0,0,29.2
Jalen Green,SG,HOU,0,0,0,0,0,127.5
Brandon Boston,SG,NOP,0,0,0,0,0,108.2
Brandon Clarke,PF,MEM,0,0,0,0,0,117.8
Jakob Poeltl,C,TOR,0,0,0,0,0,93.4
Naz Reid,C,MIN,0,0,0,0,0,117.4
Josh Hart,SF,NYK,0,0,0,0,0,139.8
Michael Porter Jr.,SF,DEN,0,0,0,0,0,170.2
Tyus Jones,PG,PHO,0,0,0,0,0,139.4
Russell Westbrook,PG,DEN,0,0,0,0,0,123.5
Scottie Barnes,SF,TOR,0,0,0,0,0,173.7
Jonas Valanciunas,C,WAS,0,0,0,0,0,149.9
Luguentz Dort,SG,OKC,0,0,0,0,0,74.1
Ben Simmons,PG,BKN,0,0,0,0,0,3.1
Shake Milton,SG,LAL,0,0,0,0,0,42.3
Tyrese Haliburton,PG,IND,0,0,0,0,0,180.6
Cade Cunningham,PG,DET,0,0,0,0,0,182.8
Jalen Suggs,PG,ORL,0,0,0,0,0,146.5
Zaccharie Risacher,SF,ATL,0,0,0,0,0,80.1
Kyrie Irving,PG,DAL,0,0,0,0,0,124.7
Shaedon Sharpe,SG,POR,0,0,0,0,0,73.4
DeMar DeRozan,SF,SAC,0,0,0,0,0,139.9
Lonzo Ball,PG,CHI,0,0,0,0,0,16.1
Miles McBride,PG,NYK,0,0,0,0,0,75.7
Alexandre Sarr,C,WAS,0,0,0,0,0,61.9
Nikola Vucevic,C,CHI,0,0,0,0,0,190.5
Khris Middleton,SF,MIL,0,0,0,0,0,53.0
Nick Richards,C,CHA,0,0,0,0,0,93.2
Keon Johnson,SG,BKN,0,0,0,0,0,22.6
Zach Collins,C,SAS,0,0,0,0,0,41.8
Anfernee Simons,SG,POR,0,0,0,0,0,69.1
Kristaps Porzingis,C,BOS,0,0,0,0,0,93.4
Caris LeVert,SG,CLE,0,0,0,0,0,107.0
Deandre Ayton,C,POR,0,0,0,0,0,94.2
Ivica Zubac,C,LAC,0,0,0,0,0,93.4
Collin Sexton,SG,UTA,0,0,0,0,0,81.9
Malik Beasley,SG,DET,0,0,0,0,0,92.2
Zach LaVine,SG,CHI,0,0,0,0,0,162.7
Shai Gilgeous-Alexander,PG,OKC,0,0,0,0,0,159.9
Ochai Agbaji,SF,TOR,0,0,0,0,0,49.0
Toumani Camara,PF,POR,0,0,0,0,0,18.8
Dalton Knecht,SG,LAL,0,0,0,0,0,18.5
Evan Mobley,PF,CLE,0,0,0,0,0,182.9
Jimmy Butler,SF,MIA,0,0,0,0,0,133.3
Josh Giddey,SG,CHI,0,0,0,0,0,145.8
RJ Barrett,SF,TOR,0,0,0,0,0,120.8
Grayson Allen,SG,PHO,0,0,0,0,0,104.4
Christian Braun,SG,DEN,0,0,0,0,0,116.5
Nickeil Alexander-Walker,SG,MIN,0,0,0,0,0,44.6
Keyonte George,PG,UTA,0,0,0,0,0,121.3
Norman Powell,SG,LAC,0,0,0,0,0,83.6
Paul George,SF,PHL,0,0,0,0,0,135.1
Jabari Smith Jr.,PF,HOU,0,0,0,0,0,80.7
Marcus Smart,SG,MEM,0,0,0,0,0,83.2
Cody Martin,SG,CHA,0,0,0,0,0,59.3
Goga Bitadze,C,ORL,0,0,0,0,0,92.7
Giannis Antetokounmpo,PF,MIL,0,0,0,0,0,212.5
Onyeka Okongwu,C,ATL,0,0,0,0,0,114.0
Josh Green,SG,CHA,0,0,0,0,0,20.1
Keldon Johnson,SF,SAS,0,0,0,0,0,111.8
Spencer Dinwiddie,PG,DAL,0,0,0,0,0,43.2
Isaiah Stewart,C,DET,0,0,0,0,0,31.6
Tristan da Silva,SF,ORL,0,0,0,0,0,15.0
Jalen Brunson,PG,NYK,0,0,0,0,0,131.4
Julius Randle,PF,MIN,0,0,0,0,0,153.8
LeBron James,SF,LAL,0,0,0,0,0,166.6
Sam Hauser,SF,BOS,0,0,0,0,0,0.2
Jaden McDaniels,SF,MIN,0,0,0,0,0,79.3
Malcolm Brogdon,PG,WAS,0,0,0,0,0,34.4
Brook Lopez,C,MIL,0,0,0,0,0,69.0
Pascal Siakam,PF,IND,0,0,0,0,0,123.5
Derrick White,SG,BOS,0,0,0,0,0,155.4
P.J. Washington,PF,DAL,0,0,0,0,0,100.5
Jaden Ivey,SG,DET,0,0,0,0,0,19.1
Obi Toppin,PF,IND,0,0,0,0,0,92.1
Dejounte Murray,SG,NOP,0,0,0,0,0,88.8
Neemias Queta,C,BOS,0,0,0,0,0,23.3
Amen Thompson,SF,HOU,0,0,0,0,0,71.6
Domantas Sabonis,C,SAC,0,0,0,0,0,75.5
Stephen Curry,PG,GSW,0,0,0,0,0,102.6
Ayo Dosunmu,SG,CHI,0,0,0,0,0,44.1
Deni Avdija,SF,POR,0,0,0,0,0,69.4
Aaron Gordon,PF,DEN,0,0,0,0,0,26.7
Moritz Wagner,C,ORL,0,0,0,0,0,79.3
Damian Lillard,PG,MIL,0,0,0,0,0,104.6
CJ McCollum,SG,NOP,0,0,0,0,0,79.7
Daniel Gafford,C,DAL,0,0,0,0,0,38.2
Jaren Jackson Jr.,C,MEM,0,0,0,0,0,93.4
Spencer Dinwiddie,PG,DAL,0,0,0,0,0,6.6
Duncan Robinson,SF,MIA,0,0,0,0,0,15.1
Cason Wallace,SG,OKC,0,0,0,0,0,38.6
Kelly Oubre Jr.,SF,PHL,0,0,0,0,0,33.6
Clint Capela,C,ATL,0,0,0,0,0,58.7
Trae Young,PG,ATL,0,0,0,0,0,108.4
Ja Morant,PG,MEM,0,0,0,0,0,94.8
Walker Kessler,C,UTA,0,0,0,0,0,35.5
Brandin Podziemski,SG,GSW,0,0,0,0,0,23.4
James Harden,PG,LAC,0,0,0,0,0,30.0
Jrue Holiday,PG,BOS,0,0,0,0,0,50.6
Dennis Schroder,PG,GSW,0,0,0,0,0,34.6
Draymond Green,PF,GSW,0,0,0,0,0,61.5
Brandon Boston,SG,NOP,0,0,0,0,0,52.7
Brandon Clarke,PF,MEM,0,0,0,0,0,38.6
Jakob Poeltl,C,TOR,0,0,0,0,0,72.7
Brandin Podziemski,SG,GSW,0,0,0,0,0,7.2
Joel Embiid,C,PHL,0,0,0,0,0,24.8
Michael Porter Jr.,SF,DEN,0,0,0,0,0,34.0
Tyus Jones,PG,PHO,0,0,0,0,0,86.9
Josh Hart,SF,NYK,0,0,0,0,0,111.9
Russell Westbrook,PG,DEN,0,0,0,0,0,16.2
Dalton Knecht,SG,LAL,0,0,0,0,0,22.4
Jonas Valanciunas,C,WAS,0,0,0,0,0,22.0
Scottie Barnes,SF,TOR,0,0,0,0,0,28.5
Luguentz Dort,SG,OKC,0,0,0,0,0,31.2
Jarace Walker,PF,IND,0,0,0,0,0,27.7
Cameron Payne,PG,NYK,0,0,0,0,0,14.7
Anfernee Simons,SG,POR,0,0,0,0,0,101.9
Kristaps Porzingis,C,BOS,0,0,0,0,0,64.5
Caris LeVert,SG,CLE,0,0,0,0,0,29.0
Ivica Zubac,C,LAC,0,0,0,0,0,36.6
Collin Sexton,SG,UTA,0,0,0,0,0,8.1
Gary Trent Jr.,SG,MIL,0,0,0,0,0,15.0
Malik Beasley,SG,DET,0,0,0,0,0,12.8
Zach LaVine,SG,CHI,0,0,0,0,0,26.8
Shai Gilgeous-Alexander,PG,OKC,0,0,0,0,0,152.2
Scoot Henderson,PG,POR,0,0,0,0,0,23.6
Ochai Agbaji,SF,TOR,0,0,0,0,0,47.6
Jimmy Butler,SF,MIA,0,0,0,0,0,20.5
Andrew Nembhard,PG,IND,0,0,0,0,0,18.3
Onyeka Okongwu,C,ATL,0,0,0,0,0,47.3
Tristan da Silva,SF,ORL,0,0,0,0,0,4.4
Spencer Dinwiddie,PG,DAL,0,0,0,0,0,24.6
Julius Randle,PF,MIN,0,0,0,0,0,60.8
Jalen Brunson,PG,NYK,0,0,0,0,0,125.2
LeBron James,SF,LAL,0,0,0,0,0,45.6
Gary Trent Jr.,SG,MIL,0,0,0,0,0,-1.3
Jaden McDaniels,SF,MIN,0,0,0,0,0,94.5
Anthony Black,PG,ORL,0,0,0,0,0,10.7
Dillon Brooks,SF,HOU,0,0,0,0,0,51.3
Brook Lopez,C,MIL,0,0,0,0,0,47.8
Pascal Siakam,PF,IND,0,0,0,0,0,92.1
Derrick White,SG,BOS,0,0,0,0,0,92.4
P.J. Washington,PF,DAL,0,0,0,0,0,26.8
Shake Milton,SG,LAL,0,0,0,0,0,28.3
Tyrese Haliburton,PG,IND,0,0,0,0,0,123.4
Cade Cunningham,PG,DET,0,0,0,0,0,42.1
Jalen Suggs,PG,ORL,0,0,0,0,0,96.8
Mason Plumlee,C,PHO,0,0,0,0,0,25.6
Zaccharie Risacher,SF,ATL,0,0,0,0,0,5.7
Grayson Allen,SG,PHO,0,0,0,0,0,22.4
Shaedon Sharpe,SG,POR,0,0,0,0,0,52.8
DeMar DeRozan,SF,SAC,0,0,0,0,0,51.6
Kyrie Irving,PG,DAL,0,0,0,0,0,76.0
Alexandre Sarr,C,WAS,0,0,0,0,0,64.1
Khris Middleton,SF,MIL,0,0,0,0,0,40.9
Jonathan Mogbo,PF,TOR,0,0,0,0,0,41.9
Toumani Camara,PF,POR,0,0,0,0,0,69.1
Nick Richards,C,CHA,0,0,0,0,0,9.0
Josh Giddey,SG,CHI,0,0,0,0,0,52.3
Christian Braun,SG,DEN,0,0,0,0,0,21.1
Keyonte George,PG,UTA,0,0,0,0,0,50.2
Grayson Allen,SG,PHO,0,0,0,0,0,24.3
RJ Barrett,SF,TOR,0,0,0,0,0,102.8
Norman Powell,SG,LAC,0,0,0,0,0,28.6
Paul George,SF,PHL,0,0,0,0,0,36.5
Jabari Smith Jr.,PF,HOU,0,0,0,0,0,59.4
Marcus Smart,SG,MEM,0,0,0,0,0,25.8
Cody Martin,SG,CHA,0,0,0,0,0,9.9
Goga Bitadze,C,ORL,0,0,0,0,0,76.5
Giannis Antetokounmpo,PF,MIL,0,0,0,0,0,142.2
Andrew Nembhard,PG,IND,0,0,0,0,0,28.4
Jarrett Allen,C,CLE,0,0,0,0,0,45.2
Zaccharie Risacher,SF,ATL,0,0,0,0,0,1.0
Cole Anthony,PG,ORL,0,0,0,0,0,4.0
Payton Pritchard,PG,BOS,0,0,0,0,0,98.5
Miles McBride,PG,NYK,0,0,0,0,0,22.8
Karl-Anthony Towns,C,NYK,0,0,0,0,0,186.2
Jalen Williams,PF,OKC,0,0,0,0,0,70.4
Dereck Lively II,C,DAL,0,0,0,0,0,56.0
Carlton Carrington,PG,WAS,0,0,0,0,0,15.4
Royce O'Neale,SF,PHO,0,0,0,0,0,64.6
Anthony Edwards,SG,MIN,0,0,0,0,0,77.7
Mike Conley,PG,MIN,0,0,0,0,0,47.3
Jeremy Sochan,PF,SAS,0,0,0,0,0,86.5
Lauri Markkanen,PF,UTA,0,0,0,0,0,35.2
OG Anunoby,SF,NYK,0,0,0,0,0,87.0
Justin Champagnie,SF,WAS,0,0,0,0,0,89.4
Tyler Herro,SG,MIA,0,0,0,0,0,42.8
Donovan Mitchell,SG,CLE,0,0,0,0,0,42.7
Jaime Jaquez Jr.,SF,MIA,0,0,0,0,0,10.6
Bogdan Bogdanovic,SG,ATL,0,0,0,0,0,35.6
Bilal Coulibaly,SF,WAS,0,0,0,0,0,93.7
Anthony Davis,C,LAL,0,0,0,0,0,121.9
Julian Champagnie,SF,SAS,0,0,0,0,0,63.7
Kelly Olynyk,C,TOR,0,0,0,0,0,25.6
Cameron Johnson,SF,BKN,0,0,0,0,0,28.4
Jalen Green,SG,HOU,0,0,0,0,0,45.4
Gradey Dick,SG,TOR,0,0,0,0,0,48.5
Nikola Jokic,C,DEN,0,0,0,0,0,32.9
Santi Aldama,PF,MEM,0,0,0,0,0,44.8
Jake LaRavia,PF,MEM,0,0,0,0,0,16.8
Buddy Hield,SG,GSW,0,0,0,0,0,39.8
Rui Hachimura,PF,LAL,0,0,0,0,0,41.6
Tobias Harris,PF,DET,0,0,0,0,0,25.6
Guerschon Yabusele,PF,PHL,0,0,0,0,0,1.7
Jalen Johnson,PF,ATL,0,0,0,0,0,94.0
De'Andre Hunter,SF,ATL,0,0,0,0,0,58.1
Donte DiVincenzo,SG,MIN,0,0,0,0,0,32.1
Tyrese Maxey,PG,PHL,0,0,0,0,0,32.6
Kentavious Caldwell-Pope,SG,ORL,0,0,0,0,0,12.7
Coby White,PG,CHI,0,0,0,0,0,28.4
Jordan Poole,SG,WAS,0,0,0,0,0,84.1
Luka Doncic,PG,DAL,0,0,0,0,0,153.9
Naz Reid,C,MIN,0,0,0,0,0,35.1
Darius Garland,PG,CLE,0,0,0,0,0,46.5
Tari Eason,SF,HOU,0,0,0,0,0,40.3
Jusuf Nurkic,C,PHO,0,0,0,0,0,67.2
De'Aaron Fox,PG,SAC,0,0,0,0,0,39.9
Bennedict Mathurin,SF,IND,0,0,0,0,0,49.6
Yves Missi,C,NOP,0,0,0,0,0,62.5
Andrew Wiggins,SF,GSW,0,0,0,0,0,54.1
Trey Murphy III,SF,NOP,0,0,0,0,0,66.0
Alex Caruso,SG,OKC,0,0,0,0,0,23.3
Rudy Gobert,C,MIN,0,0,0,0,0,66.9
Jared McCain,SG,PHL,0,0,0,0,0,9.7
Austin Reaves,SG,LAL,0,0,0,0,0,79.1
Cason Wallace,SG,OKC,0,0,0,0,0,20.2
Vasilije Micic,PG,CHA,0,0,0,0,0,17.7
Bam Adebayo,C,MIA,0,0,0,0,0,52.2
Klay Thompson,SG,DAL,0,0,0,0,0,93.8
Bobby Portis,PF,MIL,0,0,0,0,0,84.3
Devin Vassell,SG,SAS,0,0,0,0,0,41.7
Devin Booker,PG,PHO,0,0,0,0,0,109.0
Donovan Clingan,C,POR,0,0,0,0,0,31.3
Keegan Murray,PF,SAC,0,0,0,0,0,35.3
Myles Turner,C,IND,0,0,0,0,0,63.9
John Collins,PF,UTA,0,0,0,0,0,57.2
Jamal Murray,PG,DEN,0,0,0,0,0,45.5
Kevin Huerter,SG,SAC,0,0,0,0,0,19.1
Precious Achiuwa,PF,NYK,0,0,0,0,0,42.2
Victor Wembanyama,C,SAS,0,0,0,0,0,119.3
Harrison Barnes,PF,SAS,0,0,0,0,0,47.3
Nic Claxton,C,BKN,0,0,0,0,0,22.4
Jerami Grant,PF,POR,0,0,0,0,0,95.0
Fred VanVleet,PG,HOU,0,0,0,0,0,44.2
Tim Hardaway Jr.,SG,DET,0,0,0,0,0,21.2
Dyson Daniels,SG,ATL,0,0,0,0,0,58.5
D'Angelo Russell,PG,BKN,0,0,0,0,0,22.4
Jaylen Wells,SG,MEM,0,0,0,0,0,8.5
Mikal Bridges,SF,NYK,0,0,0,0,0,109.1
Chris Paul,PG,SAS,0,0,0,0,0,37.4
Al Horford,C,BOS,0,0,0,0,0,10.7
Desmond Bane,SG,MEM,0,0,0,0,0,79.2
Kevin Durant,PF,PHO,0,0,0,0,0,99.0
Alperen Sengun,C,HOU,0,0,0,0,0,88.9
T.J. McConnell,PG,IND,0,0,0,0,0,48.0
Brandon Miller,SF,CHA,0,0,0,0,0,36.2
Malik Monk,SG,SAC,0,0,0,0,0,24.6
Jordan Clarkson,SG,UTA,0,0,0,0,0,42.9
Isaiah Hartenstein,C,OKC,0,0,0,0,0,73.2
Jayson Tatum,PF,BOS,0,0,0,0,0,48.4
Terry Rozier,PG,MIA,0,0,0,0,0,19.1
Herbert Jones,SF,NOP,0,0,0,0,0,63.9
Wendell Carter Jr.,C,ORL,0,0,0,0,0,45.2
Mark Williams,C,CHA,0,0,0,0,0,36.3
Jaylen Brown,SF,BOS,0,0,0,0,0,64.4
Jonathan Kuminga,PF,GSW,0,0,0,0,0,72.5
Anfernee Simons,SG,POR,0,0,0,0,0,96.0
Kristaps Porzingis,C,BOS,0,0,0,0,0,93.5
Caris LeVert,SG,CLE,0,0,0,0,0,89.3
Deandre Ayton,C,POR,0,0,0,0,0,84.7
Ivica Zubac,C,LAC,0,0,0,0,0,154.4
Collin Sexton,SG,UTA,0,0,0,0,0,124.1
Malik Beasley,SG,DET,0,0,0,0,0,125.9
Zach LaVine,SG,CHI,0,0,0,0,0,90.5
Shai Gilgeous-Alexander,PG,OKC,0,0,0,0,0,121.2
Scoot Henderson,PG,POR,0,0,0,0,0,19.3
Ochai Agbaji,SF,TOR,0,0,0,0,0,92.1
Evan Mobley,PF,CLE,0,0,0,0,0,130.5
Jimmy Butler,SF,MIA,0,0,0,0,0,101.3
Obi Toppin,PF,IND,0,0,0,0,0,55.2
Dejounte Murray,SG,NOP,0,0,0,0,0,136.9
Amen Thompson,SF,HOU,0,0,0,0,0,38.8
Domantas Sabonis,C,SAC,0,0,0,0,0,227.7
Stephen Curry,PG,GSW,0,0,0,0,0,69.7
Andre Drummond,C,PHL,0,0,0,0,0,48.5
Ayo Dosunmu,SG,CHI,0,0,0,0,0,100.4
Deni Avdija,SF,POR,0,0,0,0,0,53.6
Moritz Wagner,C,ORL,0,0,0,0,0,11.5
Aaron Gordon,PF,DEN,0,0,0,0,0,83.2
Stephon Castle,PG,SAS,0,0,0,0,0,35.5
Tyrese Haliburton,PG,IND,0,0,0,0,0,78.8
Cade Cunningham,PG,DET,0,0,0,0,0,198.2
Jalen Suggs,PG,ORL,0,0,0,0,0,28.0
Kyrie Irving,PG,DAL,0,0,0,0,0,25.1
Shaedon Sharpe,SG,POR,0,0,0,0,0,86.8
DeMar DeRozan,SF,SAC,0,0,0,0,0,88.3
Terry Rozier,PG,MIA,0,0,0,0,0,57.8
Alexandre Sarr,C,WAS,0,0,0,0,0,76.8
Nikola Vucevic,C,CHI,0,0,0,0,0,134.3
Khris Middleton,SF,MIL,0,0,0,0,0,67.3
Zach Edey,C,MEM,0,0,0,0,0,48.8
Kevin Porter Jr.,SG,LAC,0,0,0,0,0,79.8
Alex Caruso,SG,OKC,0,0,0,0,0,25.6
Nick Richards,C,CHA,0,0,0,0,0,55.2
Brandon Boston,SG,NOP,0,0,0,0,0,45.2
Brandon Clarke,PF,MEM,0,0,0,0,0,48.6
Jakob Poeltl,C,TOR,0,0,0,0,0,19.5
Brandin Podziemski,SG,GSW,0,0,0,0,0,81.7
Joel Embiid,C,PHL,0,0,0,0,0,68.5
Josh Hart,SF,NYK,0,0,0,0,0,41.6
Tyus Jones,PG,PHO,0,0,0,0,0,53.9
Michael Porter Jr.,SF,DEN,0,0,0,0,0,80.5
Russell Westbrook,PG,DEN,0,0,0,0,0,147.6
Scottie Barnes,SF,TOR,0,0,0,0,0,24.5
Dalton Knecht,SG,LAL,0,0,0,0,0,3.2
Jonas Valanciunas,C,WAS,0,0,0,0,0,40.8
Andrew Nembhard,PG,IND,0,0,0,0,0,29.7
Jarrett Allen,C,CLE,0,0,0,0,0,84.8
Payton Pritchard,PG,BOS,0,0,0,0,0,55.5
Karl-Anthony Towns,C,NYK,0,0,0,0,0,107.5
Jalen Williams,PF,OKC,0,0,0,0,0,73.4
Kris Dunn,PG,LAC,0,0,0,0,0,30.9
Dru Smith,PG,MIA,0,0,0,0,0,32.5
Dereck Lively II,C,DAL,0,0,0,0,0,82.6
Bradley Beal,SF,PHO,0,0,0,0,0,72.1
Royce O'Neale,SF,PHO,0,0,0,0,0,56.3
Kevin Huerter,SG,SAC,0,0,0,0,0,19.0
Anthony Edwards,SG,MIN,0,0,0,0,0,84.9
Mike Conley,PG,MIN,0,0,0,0,0,25.4
Jeremy Sochan,PF,SAS,0,0,0,0,0,79.5
Lauri Markkanen,PF,UTA,0,0,0,0,0,128.7
Jalen Smith,PF,CHI,0,0,0,0,0,7.7
Keldon Johnson,SF,SAS,0,0,0,0,0,20.4
Julius Randle,PF,MIN,0,0,0,0,0,63.9
Jalen Brunson,PG,NYK,0,0,0,0,0,98.8
LeBron James,SF,LAL,0,0,0,0,0,105.1
Dorian Finney-Smith,PF,LAL,0,0,0,0,0,19.3
LaMelo Ball,PG,CHA,0,0,0,0,0,119.3
Georges Niang,PF,CLE,0,0,0,0,0,41.9
Jaden McDaniels,SF,MIN,0,0,0,0,0,51.6
Dillon Brooks,SF,HOU,0,0,0,0,0,44.2
Malcolm Brogdon,PG,WAS,0,0,0,0,0,57.2
Brook Lopez,C,MIL,0,0,0,0,0,48.4
Pascal Siakam,PF,IND,0,0,0,0,0,99.6
Derrick White,SG,BOS,0,0,0,0,0,56.9
P.J. Washington,PF,DAL,0,0,0,0,0,60.2
Nikola Jokic,C,DEN,0,0,0,0,0,205.6
Santi Aldama,PF,MEM,0,0,0,0,0,85.0
Buddy Hield,SG,GSW,0,0,0,0,0,46.9
Rui Hachimura,PF,LAL,0,0,0,0,0,18.0
Tobias Harris,PF,DET,0,0,0,0,0,46.0
Jalen Johnson,PF,ATL,0,0,0,0,0,94.5
Guerschon Yabusele,PF,PHL,0,0,0,0,0,39.7
Grayson Allen,SG,PHO,0,0,0,0,0,10.1
Donte DiVincenzo,SG,MIN,0,0,0,0,0,71.0
Reed Sheppard,SG,HOU,0,0,0,0,0,6.4
Jake LaRavia,PF,MEM,0,0,0,0,0,38.7
De'Andre Hunter,SF,ATL,0,0,0,0,0,80.6
Kentavious Caldwell-Pope,SG,ORL,0,0,0,0,0,39.9
Tyrese Maxey,PG,PHL,0,0,0,0,0,156.0
Naji Marshall,SF,DAL,0,0,0,0,0,44.1
Josh Giddey,SG,CHI,0,0,0,0,0,43.3
Christian Braun,SG,DEN,0,0,0,0,0,57.5
Jonathan Mogbo,PF,TOR,0,0,0,0,0,49.1
Chris Boucher,PF,TOR,0,0,0,0,0,26.7
Keyonte George,PG,UTA,0,0,0,0,0,60.4
RJ Barrett,SF,TOR,0,0,0,0,0,60.0
Norman Powell,SG,LAC,0,0,0,0,0,158.7
Paul George,SF,PHL,0,0,0,0,0,127.0
Jabari Smith Jr.,PF,HOU,0,0,0,0,0,74.7
Goga Bitadze,C,ORL,0,0,0,0,0,84.1
Cody Martin,SG,CHA,0,0,0,0,0,87.4
Giannis Antetokounmpo,PF,MIL,0,0,0,0,0,63.8
Ben Simmons,PG,BKN,0,0,0,0,0,93.0
Ausar Thompson,SF,DET,0,0,0,0,0,12.9
Noah Clowney,PF,BKN,0,0,0,0,0,21.7
Austin Reaves,SG,LAL,0,0,0,0,0,77.5
Cason Wallace,SG,OKC,0,0,0,0,0,27.6
Klay Thompson,SG,DAL,0,0,0,0,0,77.3
Vasilije Micic,PG,CHA,0,0,0,0,0,4.2
Bam Adebayo,C,MIA,0,0,0,0,0,100.3
Bobby Portis,PF,MIL,0,0,0,0,0,104.6
Devin Vassell,SG,SAS,0,0,0,0,0,69.6
Devin Booker,PG,PHO,0,0,0,0,0,31.9
Keegan Murray,PF,SAC,0,0,0,0,0,69.0
Myles Turner,C,IND,0,0,0,0,0,80.9
John Collins,PF,UTA,0,0,0,0,0,80.5
Jamal Murray,PG,DEN,0,0,0,0,0,159.1
OG Anunoby,SF,NYK,0,0,0,0,0,65.1
Justin Champagnie,SF,WAS,0,0,0,0,0,41.8
Lonzo Ball,PG,CHI,0,0,0,0,0,11.1
Tyler Herro,SG,MIA,0,0,0,0,0,134.4
Donovan Mitchell,SG,CLE,0,0,0,0,0,131.7
Jaime Jaquez Jr.,SF,MIA,0,0,0,0,0,25.6
Bogdan Bogdanovic,SG,ATL,0,0,0,0,0,32.8
Julian Strawther,SF,DEN,0,0,0,0,0,21.7
Bilal Coulibaly,SF,WAS,0,0,0,0,0,92.3
Anthony Davis,C,LAL,0,0,0,0,0,110.8
Julian Champagnie,SF,SAS,0,0,0,0,0,35.9
Kelly Olynyk,C,TOR,0,0,0,0,0,15.1
Cameron Johnson,SF,BKN,0,0,0,0,0,133.3
Jalen Green,SG,HOU,0,0,0,0,0,93.1
Gradey Dick,SG,TOR,0,0,0,0,0,107.3
Alperen Sengun,C,HOU,0,0,0,0,0,102.3
Kevin Durant,PF,PHO,0,0,0,0,0,134.0
T.J. McConnell,PG,IND,0,0,0,0,0,63.3
Brandon Miller,SF,CHA,0,0,0,0,0,26.3
Malik Monk,SG,SAC,0,0,0,0,0,143.4
Isaiah Hartenstein,C,OKC,0,0,0,0,0,89.0
Jordan Clarkson,SG,UTA,0,0,0,0,0,61.1
Jayson Tatum,PF,BOS,0,0,0,0,0,157.0
Herbert Jones,SF,NOP,0,0,0,0,0,86.9
Quentin Grimes,SG,DAL,0,0,0,0,0,62.4
Ricky Council IV,SG,PHL,0,0,0,0,0,8.7
Mark Williams,C,CHA,0,0,0,0,0,60.7
Jaylen Brown,SF,BOS,0,0,0,0,0,71.1
Jonathan Kuminga,PF,GSW,0,0,0,0,0,20.8
Luguentz Dort,SG,OKC,0,0,0,0,0,29.2
Coby White,PG,CHI,0,0,0,0,0,75.7
Bennedict Mathurin,SF,IND,0,0,0,0,0,55.5
Jordan Poole,SG,WAS,0,0,0,0,0,90.6
Josh Green,SG,CHA,0,0,0,0,0,8.6
Naz Reid,C,MIN,0,0,0,0,0,37.7
Yves Missi,C,NOP,0,0,0,0,0,98.6
Darius Garland,PG,CLE,0,0,0,0,0,111.8
Andrew Wiggins,SF,GSW,0,0,0,0,0,54.1
Trey Murphy III,SF,NOP,0,0,0,0,0,141.5
Jusuf Nurkic,C,PHO,0,0,0,0,0,65.4
De'Aaron Fox,PG,SAC,0,0,0,0,0,197.6
Rudy Gobert,C,MIN,0,0,0,0,0,55.7
CJ McCollum,SG,NOP,0,0,0,0,0,114.7
Jaren Jackson Jr.,C,MEM,0,0,0,0,0,66.2
Duncan Robinson,SF,MIA,0,0,0,0,0,69.9
Kelly Oubre Jr.,SF,PHL,0,0,0,0,0,105.8
Clint Capela,C,ATL,0,0,0,0,0,46.9
Trae Young,PG,ATL,0,0,0,0,0,54.5
Ja Morant,PG,MEM,0,0,0,0,0,30.6
Walker Kessler,C,UTA,0,0,0,0,0,95.2
James Harden,PG,LAC,0,0,0,0,0,140.6
Toumani Camara,PF,POR,0,0,0,0,0,47.5
Jrue Holiday,PG,BOS,0,0,0,0,0,44.4
Dennis Schroder,PG,GSW,0,0,0,0,0,18.4
Draymond Green,PF,GSW,0,0,0,0,0,-3.0
Victor Wembanyama,C,SAS,0,0,0,0,0,160.1
Miles Bridges,SF,CHA,0,0,0,0,0,99.7
Harrison Barnes,PF,SAS,0,0,0,0,0,14.6
Nic Claxton,C,BKN,0,0,0,0,0,66.8
Jerami Grant,PF,POR,0,0,0,0,0,38.0
Fred VanVleet,PG,HOU,0,0,0,0,0,61.0
Dyson Daniels,SG,ATL,0,0,0,0,0,65.1
Jalen Duren,C,DET,0,0,0,0,0,99.3
D'Angelo Russell,PG,BKN,0,0,0,0,0,37.3
Mikal Bridges,SF,NYK,0,0,0,0,0,86.7
Chris Paul,PG,SAS,0,0,0,0,0,76.7
Desmond Bane,SG,MEM,0,0,0,0,0,97.3
Jaden Ivey,SG,DET,0,0,0,0,0,94.4
Amen Thompson,SF,HOU,0,0,0,0,0,160.9
Stephen Curry,PG,GSW,0,0,0,0,0,134.9
Ayo Dosunmu,SG,CHI,0,0,0,0,0,25.8
Cole Anthony,PG,ORL,0,0,0,0,0,22.7
Larry Nance Jr.,PF,ATL,0,0,0,0,0,86.0
Deni Avdija,SF,POR,0,0,0,0,0,122.8
Trey Lyles,PF,SAC,0,0,0,0,0,44.1
Aaron Gordon,PF,DEN,0,0,0,0,0,37.0
Obi Toppin,PF,IND,0,0,0,0,0,34.9
Dejounte Murray,SG,NOP,0,0,0,0,0,81.7
Domantas Sabonis,C,SAC,0,0,0,0,0,42.4
Stephon Castle,PG,SAS,0,0,0,0,0,45.9
Tyrese Haliburton,PG,IND,0,0,0,0,0,168.6
Cade Cunningham,PG,DET,0,0,0,0,0,125.2
Jalen Suggs,PG,ORL,0,0,0,0,0,131.2
Trayce Jackson-Davis,PF,GSW,0,0,0,0,0,119.6
Shaedon Sharpe,SG,POR,0,0,0,0,0,131.4
DeMar DeRozan,SF,SAC,0,0,0,0,0,84.8
Kyrie Irving,PG,DAL,0,0,0,0,0,205.8
Terry Rozier,PG,MIA,0,0,0,0,0,72.8
Alexandre Sarr,C,WAS,0,0,0,0,0,64.8
Nikola Vucevic,C,CHI,0,0,0,0,0,142.6
Zach Edey,C,MEM,0,0,0,0,0,119.3
Khris Middleton,SF,MIL,0,0,0,0,0,121.2
Kevin Porter Jr.,SG,LAC,0,0,0,0,0,30.7
Caleb Martin,SG,PHL,0,0,0,0,0,21.7
Brandon Boston,SG,NOP,0,0,0,0,0,52.7
Brandon Clarke,PF,MEM,0,0,0,0,0,51.0
Jakob Poeltl,C,TOR,0,0,0,0,0,35.2
Brandin Podziemski,SG,GSW,0,0,0,0,0,73.1
Joel Embiid,C,PHL,0,0,0,0,0,129.9
Josh Hart,SF,NYK,0,0,0,0,0,155.8
Michael Porter Jr.,SF,DEN,0,0,0,0,0,152.4
Tyus Jones,PG,PHO,0,0,0,0,0,94.4
Russell Westbrook,PG,DEN,0,0,0,0,0,121.3
Scottie Barnes,SF,TOR,0,0,0,0,0,134.4
Jonas Valanciunas,C,WAS,0,0,0,0,0,117.7
Dalton Knecht,SG,LAL,0,0,0,0,0,44.3
Andrew Nembhard,PG,IND,0,0,0,0,0,117.7
Patrick Williams,PF,CHI,0,0,0,0,0,57.0
Jarrett Allen,C,CLE,0,0,0,0,0,73.7
Payton Pritchard,PG,BOS,0,0,0,0,0,115.6
Karl-Anthony Towns,C,NYK,0,0,0,0,0,197.7
Jalen Williams,PF,OKC,0,0,0,0,0,150.8
Al Horford,C,BOS,0,0,0,0,0,35.3
Dereck Lively II,C,DAL,0,0,0,0,0,44.8
Bradley Beal,SF,PHO,0,0,0,0,0,172.5
Royce O'Neale,SF,PHO,0,0,0,0,0,77.8
Anthony Edwards,SG,MIN,0,0,0,0,0,161.4
Mike Conley,PG,MIN,0,0,0,0,0,48.7
Jeremy Sochan,PF,SAS,0,0,0,0,0,119.0
Lauri Markkanen,PF,UTA,0,0,0,0,0,126.9
Keldon Johnson,SF,SAS,0,0,0,0,0,7.6
Scotty Pippen Jr.,PG,MEM,0,0,0,0,0,89.7
Julius Randle,PF,MIN,0,0,0,0,0,177.0
Jalen Brunson,PG,NYK,0,0,0,0,0,198.8
LeBron James,SF,LAL,0,0,0,0,0,135.5
LaMelo Ball,PG,CHA,0,0,0,0,0,107.2
Jaden McDaniels,SF,MIN,0,0,0,0,0,88.1
Dillon Brooks,SF,HOU,0,0,0,0,0,35.8
Malcolm Brogdon,PG,WAS,0,0,0,0,0,92.9
Brook Lopez,C,MIL,0,0,0,0,0,134.2
Pascal Siakam,PF,IND,0,0,0,0,0,165.4
Precious Achiuwa,PF,NYK,0,0,0,0,0,43.7
Alec Burks,SG,MIA,0,0,0,0,0,19.7
Derrick White,SG,BOS,0,0,0,0,0,133.6
P.J. Washington,PF,DAL,0,0,0,0,0,63.3
Nikola Jokic,C,DEN,0,0,0,0,0,262.5
Santi Aldama,PF,MEM,0,0,0,0,0,46.5
Buddy Hield,SG,GSW,0,0,0,0,0,45.1
Rui Hachimura,PF,LAL,0,0,0,0,0,92.3
Tobias Harris,PF,DET,0,0,0,0,0,45.2
Jalen Johnson,PF,ATL,0,0,0,0,0,227.1
Guerschon Yabusele,PF,PHL,0,0,0,0,0,24.8
Cam Thomas,SG,BKN,0,0,0,0,0,39.7
Donte DiVincenzo,SG,MIN,0,0,0,0,0,139.4
Reed Sheppard,SG,HOU,0,0,0,0,0,5.8
Ochai Agbaji,SF,TOR,0,0,0,0,0,9.8
De'Andre Hunter,SF,ATL,0,0,0,0,0,160.6
Nick Richards,C,CHA,0,0,0,0,0,6.9
Kentavious Caldwell-Pope,SG,ORL,0,0,0,0,0,99.6
Tyrese Maxey,PG,PHL,0,0,0,0,0,200.8
Josh Giddey,SG,CHI,0,0,0,0,0,71.0
Jonathan Mogbo,PF,TOR,0,0,0,0,0,49.3
Christian Braun,SG,DEN,0,0,0,0,0,91.1
Chris Boucher,PF,TOR,0,0,0,0,0,81.0
RJ Barrett,SF,TOR,0,0,0,0,0,122.2
Norman Powell,SG,LAC,0,0,0,0,0,87.7
Paul George,SF,PHL,0,0,0,0,0,101.2
Jabari Smith Jr.,PF,HOU,0,0,0,0,0,88.7
Cody Martin,SG,CHA,0,0,0,0,0,33.3
Goga Bitadze,C,ORL,0,0,0,0,0,177.0
Ben Simmons,PG,BKN,0,0,0,0,0,71.6
Ausar Thompson,SF,DET,0,0,0,0,0,34.1
Noah Clowney,PF,BKN,0,0,0,0,0,87.8
Austin Reaves,SG,LAL,0,0,0,0,0,149.1
Bam Adebayo,C,MIA,0,0,0,0,0,155.2
Klay Thompson,SG,DAL,0,0,0,0,0,112.1
Bobby Portis,PF,MIL,0,0,0,0,0,123.0
Devin Vassell,SG,SAS,0,0,0,0,0,129.2
Keegan Murray,PF,SAC,0,0,0,0,0,43.0
Jaime Jaquez Jr.,SF,MIA,0,0,0,0,0,30.1
Myles Turner,C,IND,0,0,0,0,0,130.9
Jake LaRavia,PF,MEM,0,0,0,0,0,-3.3
Jamal Murray,PG,DEN,0,0,0,0,0,151.8
Jalen Wilson,PF,BKN,0,0,0,0,0,18.4
Donovan Mitchell,SG,CLE,0,0,0,0,0,110.6
OG Anunoby,SF,NYK,0,0,0,0,0,110.2
Wendell Carter Jr.,C,ORL,0,0,0,0,0,75.9
Bilal Coulibaly,SF,WAS,0,0,0,0,0,80.4
Anthony Davis,C,LAL,0,0,0,0,0,126.4
Justin Champagnie,SF,WAS,0,0,0,0,0,48.3
Julian Champagnie,SF,SAS,0,0,0,0,0,93.6
Cameron Johnson,SF,BKN,0,0,0,0,0,103.2
Tyler Herro,SG,MIA,0,0,0,0,0,188.1
Gradey Dick,SG,TOR,0,0,0,0,0,79.8
Jalen Green,SG,HOU,0,0,0,0,0,114.3
Alperen Sengun,C,HOU,0,0,0,0,0,187.2
Kevin Durant,PF,PHO,0,0,0,0,0,195.9
T.J. McConnell,PG,IND,0,0,0,0,0,74.1
Brandon Miller,SF,CHA,0,0,0,0,0,39.6
Malik Monk,SG,SAC,0,0,0,0,0,64.4
Duncan Robinson,SF,MIA,0,0,0,0,0,2.4
Jordan Clarkson,SG,UTA,0,0,0,0,0,80.8
Isaiah Hartenstein,C,OKC,0,0,0,0,0,156.6
Jayson Tatum,PF,BOS,0,0,0,0,0,180.4
Herbert Jones,SF,NOP,0,0,0,0,0,54.2
Quentin Grimes,SG,DAL,0,0,0,0,0,81.6
Mark Williams,C,CHA,0,0,0,0,0,102.4
Jaylen Brown,SF,BOS,0,0,0,0,0,243.0
Jonathan Kuminga,PF,GSW,0,0,0,0,0,192.1
Luguentz Dort,SG,OKC,0,0,0,0,0,29.3
Coby White,PG,CHI,0,0,0,0,0,108.9
Jordan Poole,SG,WAS,0,0,0,0,0,106.3
Luka Doncic,PG,DAL,0,0,0,0,0,79.4
Darius Garland,PG,CLE,0,0,0,0,0,101.5
Naz Reid,C,MIN,0,0,0,0,0,104.4
Spencer Dinwiddie,PG,DAL,0,0,0,0,0,84.6
Cason Wallace,SG,OKC,0,0,0,0,0,31.1
Al Horford,C,BOS,0,0,0,0,0,13.5
De'Aaron Fox,PG,SAC,0,0,0,0,0,115.7
Jusuf Nurkic,C,PHO,0,0,0,0,0,64.4
Bennedict Mathurin,SF,IND,0,0,0,0,0,108.4
Yves Missi,C,NOP,0,0,0,0,0,48.0
Andrew Wiggins,SF,GSW,0,0,0,0,0,116.5
Trey Murphy III,SF,NOP,0,0,0,0,0,90.2
Rudy Gobert,C,MIN,0,0,0,0,0,114.0
CJ McCollum,SG,NOP,0,0,0,0,0,80.4
Daniel Gafford,C,DAL,0,0,0,0,0,80.3
Trevelin Queen,SG,ORL,0,0,0,0,0,43.5
Jaren Jackson Jr.,C,MEM,0,0,0,0,0,180.9
Kelly Oubre Jr.,SF,PHL,0,0,0,0,0,59.7
Clint Capela,C,ATL,0,0,0,0,0,94.7
Trae Young,PG,ATL,0,0,0,0,0,203.4
Ja Morant,PG,MEM,0,0,0,0,0,114.5
Walker Kessler,C,UTA,0,0,0,0,0,98.1
Kenrich Williams,SF,OKC,0,0,0,0,0,46.4
James Harden,PG,LAC,0,0,0,0,0,79.2
Jrue Holiday,PG,BOS,0,0,0,0,0,42.1
Toumani Camara,PF,POR,0,0,0,0,0,40.5
Draymond Green,PF,GSW,0,0,0,0,0,85.1
Dennis Schroder,PG,GSW,0,0,0,0,0,71.2
D'Angelo Russell,PG,BKN,0,0,0,0,0,18.4
Zaccharie Risacher,SF,ATL,0,0,0,0,0,53.2
Desmond Bane,SG,MEM,0,0,0,0,0,178.9
Victor Wembanyama,C,SAS,0,0,0,0,0,283.9
Miles Bridges,SF,CHA,0,0,0,0,0,154.9
Nic Claxton,C,BKN,0,0,0,0,0,99.4
Harrison Barnes,PF,SAS,0,0,0,0,0,61.6
Jerami Grant,PF,POR,0,0,0,0,0,65.9
Fred VanVleet,PG,HOU,0,0,0,0,0,183.3
Dyson Daniels,SG,ATL,0,0,0,0,0,88.7
Jalen Duren,C,DET,0,0,0,0,0,91.2
Jaylen Wells,SG,MEM,0,0,0,0,0,52.5
Mikal Bridges,SF,NYK,0,0,0,0,0,180.9
Chris Paul,PG,SAS,0,0,0,0,0,122.4
Max Christie,SG,LAL,0,0,0,0,0,35.7
Tristan da Silva,SF,ORL,0,0,0,0,0,85.8
Anfernee Simons,SG,POR,0,0,0,0,0,80.4
Miles McBride,PG,NYK,0,0,0,0,0,34.1
Kristaps Porzingis,C,BOS,0,0,0,0,0,43.2
Caris LeVert,SG,CLE,0,0,0,0,0,47.2
Ivica Zubac,C,LAC,0,0,0,0,0,115.0
Deandre Ayton,C,POR,0,0,0,0,0,106.1
Collin Sexton,SG,UTA,0,0,0,0,0,129.5
Jaylin Williams,C,OKC,0,0,0,0,0,10.9
Malik Beasley,SG,DET,0,0,0,0,0,100.3
Zach LaVine,SG,CHI,0,0,0,0,0,125.9
Shai Gilgeous-Alexander,PG,OKC,0,0,0,0,0,294.2
Ochai Agbaji,SF,TOR,0,0,0,0,0,21.4
Evan Mobley,PF,CLE,0,0,0,0,0,109.0
